{"catch": {"1": {"path": "/", "time": "Sun Jun 14 16:26:49 2015", "method": "GET", "uuid": ""}, "2": {"path": "/", "time": "Sun Jun 14 16:26:52 2015", "uuid": 1, "method": "POST"}, "3": {"path": "/questions", "time": "Sun Jun 14 16:26:52 2015", "method": "GET", "uuid": 1}, "4": {"path": "/questions", "time": "Sun Jun 14 16:26:59 2015", "uuid": 1, "method": "POST"}, "5": {"path": "/instructions", "time": "Sun Jun 14 16:26:59 2015", "method": "GET", "uuid": 1}, "6": {"path": "/instructions", "time": "Sun Jun 14 16:27:01 2015", "uuid": 1, "method": "POST"}, "7": {"path": "/stations_learn", "time": "Sun Jun 14 16:27:01 2015", "method": "GET", "uuid": 1}, "8": {"path": "/stations_learn", "time": "Sun Jun 14 16:27:56 2015", "uuid": 1, "method": "GET"}, "9": {"path": "/stations_learn", "time": "Sun Jun 14 16:28:56 2015", "method": "GET", "uuid": 1}, "10": {"path": "/stations_learn", "time": "Sun Jun 14 16:29:09 2015", "uuid": 1, "method": "GET"}, "11": {"path": "/stations_learn", "time": "Sun Jun 14 16:37:47 2015", "method": "GET", "uuid": 1}, "12": {"path": "/stations_learn", "time": "Sun Jun 14 16:38:10 2015", "uuid": 1, "method": "GET"}, "13": {"path": "/stations_learn", "time": "Sun Jun 14 16:40:35 2015", "method": "GET", "uuid": 1}, "14": {"path": "/stations_learn", "time": "Sun Jun 14 16:41:25 2015", "uuid": 1, "method": "GET"}, "15": {"path": "/", "time": "Sun Jun 14 16:42:10 2015", "method": "GET", "uuid": ""}, "16": {"path": "/", "time": "Sun Jun 14 16:42:13 2015", "uuid": 2, "method": "POST"}, "17": {"path": "/questions", "time": "Sun Jun 14 16:42:13 2015", "method": "GET", "uuid": 2}, "18": {"path": "/questions", "time": "Sun Jun 14 16:42:19 2015", "uuid": 2, "method": "POST"}, "19": {"path": "/instructions", "time": "Sun Jun 14 16:42:19 2015", "method": "GET", "uuid": 2}, "20": {"path": "/instructions", "time": "Sun Jun 14 16:42:21 2015", "uuid": 2, "method": "POST"}, "21": {"path": "/stations_learn", "time": "Sun Jun 14 16:42:21 2015", "method": "GET", "uuid": 2}, "22": {"path": "/stations_learn", "time": "Sun Jun 14 16:43:48 2015", "uuid": 2, "method": "GET"}, "23": {"path": "/stations_learn", "time": "Sun Jun 14 16:47:17 2015", "method": "GET", "uuid": 2}, "24": {"path": "/stations_learn", "time": "Sun Jun 14 16:49:18 2015", "uuid": 2, "method": "GET"}, "25": {"path": "/after_learn", "time": "Sun Jun 14 16:49:59 2015", "method": "GET", "uuid": 2}, "26": {"path": "/after_learn", "time": "Sun Jun 14 16:50:05 2015", "uuid": 2, "method": "POST"}, "27": {"path": "/stations", "time": "Sun Jun 14 16:50:05 2015", "method": "GET", "uuid": 2}, "28": {"path": "/", "time": "Sun Jun 14 16:51:53 2015", "uuid": "", "method": "GET"}, "29": {"path": "/", "time": "Sun Jun 14 17:54:56 2015", "method": "GET", "uuid": ""}, "30": {"path": "/", "time": "Sun Jun 14 17:56:41 2015", "uuid": "", "method": "GET"}, "31": {"path": "/", "time": "Sun Jun 14 17:56:46 2015", "method": "POST", "uuid": 1}, "32": {"path": "/questions", "time": "Sun Jun 14 17:56:46 2015", "uuid": 1, "method": "GET"}, "33": {"path": "/questions", "time": "Sun Jun 14 17:56:56 2015", "method": "POST", "uuid": 1}, "34": {"path": "/instructions", "time": "Sun Jun 14 17:56:56 2015", "uuid": 1, "method": "GET"}, "35": {"path": "/instructions", "time": "Sun Jun 14 17:57:27 2015", "method": "POST", "uuid": 1}, "36": {"path": "/stations_learn", "time": "Sun Jun 14 17:57:27 2015", "uuid": 1, "method": "GET"}, "37": {"path": "/after_learn", "time": "Sun Jun 14 17:58:35 2015", "method": "GET", "uuid": 1}, "38": {"path": "/after_learn", "time": "Sun Jun 14 18:00:40 2015", "uuid": 1, "method": "GET"}, "39": {"path": "/after_learn", "time": "Sun Jun 14 18:00:58 2015", "method": "GET", "uuid": 1}, "40": {"path": "/after_learn", "time": "Sun Jun 14 18:01:30 2015", "uuid": 1, "method": "POST"}, "41": {"path": "/stations", "time": "Sun Jun 14 18:01:30 2015", "method": "GET", "uuid": 1}, "42": {"path": "/", "time": "Mon Jun 15 13:46:34 2015", "uuid": "", "method": "GET"}, "43": {"path": "/", "time": "Mon Jun 15 15:27:58 2015", "method": "GET", "uuid": ""}, "44": {"path": "/", "time": "Mon Jun 15 15:28:01 2015", "uuid": "", "method": "GET"}, "45": {"path": "/", "time": "Mon Jun 15 15:28:10 2015", "method": "GET", "uuid": ""}, "46": {"path": "/", "time": "Mon Jun 15 15:29:09 2015", "uuid": "", "method": "GET"}, "47": {"path": "/", "time": "Mon Jun 15 15:43:38 2015", "method": "POST", "uuid": 2}, "48": {"path": "/questions", "time": "Mon Jun 15 15:43:38 2015", "uuid": 2, "method": "GET"}, "49": {"path": "/questions", "time": "Mon Jun 15 15:43:45 2015", "method": "POST", "uuid": 2}, "50": {"path": "/instructions", "time": "Mon Jun 15 15:43:45 2015", "uuid": 2, "method": "GET"}, "51": {"path": "/instructions", "time": "Mon Jun 15 15:43:48 2015", "method": "POST", "uuid": 2}, "52": {"path": "/stations_learn", "time": "Mon Jun 15 15:43:48 2015", "uuid": 2, "method": "GET"}, "53": {"path": "/instructions", "time": "Mon Jun 15 15:43:53 2015", "method": "GET", "uuid": 2}, "54": {"path": "/", "time": "Mon Jun 15 16:50:56 2015", "uuid": "", "method": "GET"}, "55": {"path": "/", "time": "Mon Jun 15 16:50:59 2015", "method": "POST", "uuid": 3}, "56": {"path": "/questions", "time": "Mon Jun 15 16:50:59 2015", "uuid": 3, "method": "GET"}, "57": {"path": "/questions", "time": "Mon Jun 15 16:51:05 2015", "method": "POST", "uuid": 3}, "58": {"path": "/instructions", "time": "Mon Jun 15 16:51:05 2015", "uuid": 3, "method": "GET"}, "59": {"path": "/instructions", "time": "Mon Jun 15 16:51:07 2015", "method": "POST", "uuid": 3}, "60": {"path": "/stations_learn", "time": "Mon Jun 15 16:51:07 2015", "uuid": 3, "method": "GET"}, "61": {"path": "/after_learn", "time": "Mon Jun 15 16:51:41 2015", "method": "GET", "uuid": 3}, "62": {"path": "/", "time": "Wed Jul 22 16:39:03 2015", "uuid": "", "method": "GET"}, "63": {"path": "/", "time": "Wed Jul 22 16:39:07 2015", "method": "POST", "uuid": 4}, "64": {"path": "/questions", "time": "Wed Jul 22 16:39:07 2015", "uuid": 4, "method": "GET"}, "65": {"path": "/questions", "time": "Wed Jul 22 16:39:14 2015", "method": "POST", "uuid": 4}, "66": {"path": "/instructions", "time": "Wed Jul 22 16:39:14 2015", "uuid": 4, "method": "GET"}, "67": {"path": "/instructions", "time": "Wed Jul 22 16:43:37 2015", "method": "GET", "uuid": 4}, "68": {"path": "/instructions", "time": "Wed Jul 22 16:51:07 2015", "uuid": 4, "method": "POST"}, "69": {"path": "/stations_learn", "time": "Wed Jul 22 16:51:07 2015", "method": "GET", "uuid": 4}, "70": {"path": "/after_learn", "time": "Wed Jul 22 16:55:16 2015", "uuid": 4, "method": "GET"}, "71": {"path": "/after_learn", "time": "Wed Jul 22 16:58:00 2015", "method": "GET", "uuid": 4}, "72": {"path": "/after_learn", "time": "Wed Jul 22 16:58:07 2015", "uuid": 4, "method": "POST"}, "73": {"path": "/stations", "time": "Wed Jul 22 16:58:07 2015", "method": "GET", "uuid": 4}, "74": {"path": "/after_learn", "time": "Wed Jul 22 17:00:32 2015", "uuid": 4, "method": "GET"}, "75": {"path": "/after_learn", "time": "Wed Jul 22 17:01:59 2015", "method": "GET", "uuid": 4}, "76": {"path": "/after_learn", "time": "Wed Jul 22 17:02:25 2015", "uuid": 4, "method": "GET"}, "77": {"path": "/after_learn", "time": "Wed Jul 22 17:05:57 2015", "method": "GET", "uuid": 4}, "78": {"path": "/after_learn", "time": "Wed Jul 22 17:11:01 2015", "uuid": 4, "method": "GET"}, "79": {"path": "/after_learn", "time": "Wed Jul 22 17:11:58 2015", "method": "GET", "uuid": 4}, "80": {"path": "/after_learn", "time": "Wed Jul 22 17:13:05 2015", "uuid": 4, "method": "POST"}, "81": {"path": "/stations", "time": "Wed Jul 22 17:13:06 2015", "method": "GET", "uuid": 4}, "82": {"path": "/", "time": "Wed Jul 22 17:14:35 2015", "uuid": "", "method": "GET"}, "83": {"path": "/", "time": "Wed Jul 22 17:14:39 2015", "method": "POST", "uuid": 5}, "84": {"path": "/questions", "time": "Wed Jul 22 17:14:40 2015", "uuid": 5, "method": "GET"}, "85": {"path": "/questions", "time": "Wed Jul 22 17:14:46 2015", "method": "POST", "uuid": 5}, "86": {"path": "/instructions", "time": "Wed Jul 22 17:14:46 2015", "uuid": 5, "method": "GET"}, "87": {"path": "/instructions", "time": "Wed Jul 22 17:14:50 2015", "method": "POST", "uuid": 5}, "88": {"path": "/stations_learn", "time": "Wed Jul 22 17:14:50 2015", "uuid": 5, "method": "GET"}, "89": {"path": "/after_learn", "time": "Wed Jul 22 17:15:31 2015", "method": "GET", "uuid": 5}, "90": {"path": "/", "time": "Wed Jul 22 17:30:44 2015", "uuid": "", "method": "GET"}, "91": {"path": "/", "time": "Wed Jul 22 17:30:48 2015", "method": "POST", "uuid": 6}, "92": {"path": "/questions", "time": "Wed Jul 22 17:30:48 2015", "uuid": 6, "method": "GET"}, "93": {"path": "/questions", "time": "Wed Jul 22 17:30:53 2015", "method": "POST", "uuid": 6}, "94": {"path": "/instructions", "time": "Wed Jul 22 17:30:53 2015", "uuid": 6, "method": "GET"}, "95": {"path": "/instructions", "time": "Wed Jul 22 17:30:56 2015", "method": "POST", "uuid": 6}, "96": {"path": "/stations_learn", "time": "Wed Jul 22 17:30:56 2015", "uuid": 6, "method": "GET"}, "97": {"path": "/after_learn", "time": "Wed Jul 22 17:31:19 2015", "method": "GET", "uuid": 6}, "98": {"path": "/after_learn", "time": "Wed Jul 22 17:31:45 2015", "uuid": 6, "method": "POST"}, "99": {"path": "/stations", "time": "Wed Jul 22 17:31:45 2015", "method": "GET", "uuid": 6}, "100": {"path": "/after_questions", "time": "Wed Jul 22 18:40:46 2015", "uuid": 6, "method": "GET"}, "101": {"path": "/", "time": "Wed Jul 22 18:40:51 2015", "method": "GET", "uuid": ""}, "102": {"path": "/", "time": "Wed Jul 22 18:40:58 2015", "uuid": 7, "method": "POST"}, "103": {"path": "/questions", "time": "Wed Jul 22 18:40:58 2015", "method": "GET", "uuid": 7}, "104": {"path": "/questions", "time": "Wed Jul 22 18:41:08 2015", "uuid": 7, "method": "POST"}, "105": {"path": "/instructions", "time": "Wed Jul 22 18:41:08 2015", "method": "GET", "uuid": 7}, "106": {"path": "/instructions", "time": "Wed Jul 22 18:41:11 2015", "uuid": 7, "method": "POST"}, "107": {"path": "/stations_learn", "time": "Wed Jul 22 18:41:11 2015", "method": "GET", "uuid": 7}, "108": {"path": "/after_learn", "time": "Wed Jul 22 18:44:24 2015", "uuid": 7, "method": "GET"}, "109": {"path": "/after_learn", "time": "Wed Jul 22 18:48:10 2015", "method": "GET", "uuid": 7}, "110": {"path": "/after_learn", "time": "Wed Jul 22 18:50:34 2015", "uuid": 7, "method": "GET"}, "111": {"path": "/after_learn", "time": "Wed Jul 22 18:57:57 2015", "method": "GET", "uuid": 7}, "112": {"path": "/", "time": "Wed Jul 22 18:58:54 2015", "uuid": "", "method": "GET"}, "113": {"path": "/", "time": "Wed Jul 22 18:58:59 2015", "method": "POST", "uuid": 8}, "114": {"path": "/questions", "time": "Wed Jul 22 18:58:59 2015", "uuid": 8, "method": "GET"}, "115": {"path": "/questions", "time": "Wed Jul 22 18:59:27 2015", "method": "POST", "uuid": 8}, "116": {"path": "/instructions", "time": "Wed Jul 22 18:59:27 2015", "uuid": 8, "method": "GET"}, "117": {"path": "/instructions", "time": "Wed Jul 22 18:59:29 2015", "method": "POST", "uuid": 8}, "118": {"path": "/stations_learn", "time": "Wed Jul 22 18:59:29 2015", "uuid": 8, "method": "GET"}, "119": {"path": "/after_learn", "time": "Wed Jul 22 19:00:38 2015", "method": "GET", "uuid": 8}, "120": {"path": "/after_learn", "time": "Wed Jul 22 19:00:53 2015", "uuid": 8, "method": "GET"}, "121": {"path": "/", "time": "Wed Jul 22 19:33:50 2015", "method": "GET", "uuid": ""}, "122": {"path": "/", "time": "Wed Jul 22 19:33:54 2015", "uuid": 9, "method": "POST"}, "123": {"path": "/questions", "time": "Wed Jul 22 19:33:54 2015", "method": "GET", "uuid": 9}, "124": {"path": "/questions", "time": "Wed Jul 22 19:34:02 2015", "uuid": 9, "method": "POST"}, "125": {"path": "/instructions", "time": "Wed Jul 22 19:34:02 2015", "method": "GET", "uuid": 9}, "126": {"path": "/instructions", "time": "Wed Jul 22 19:34:05 2015", "uuid": 9, "method": "POST"}, "127": {"path": "/stations_learn", "time": "Wed Jul 22 19:34:05 2015", "method": "GET", "uuid": 9}, "128": {"path": "/after_learn", "time": "Wed Jul 22 19:34:26 2015", "uuid": 9, "method": "GET"}, "129": {"path": "/after_learn", "time": "Wed Jul 22 19:34:37 2015", "method": "POST", "uuid": 9}, "130": {"path": "/stations", "time": "Wed Jul 22 19:34:37 2015", "uuid": 9, "method": "GET"}, "131": {"path": "/after_questions", "time": "Thu Jul 23 07:35:48 2015", "method": "GET", "uuid": 9}, "132": {"path": "/", "time": "Thu Jul 23 08:03:52 2015", "uuid": "", "method": "GET"}, "133": {"path": "/", "time": "Thu Jul 23 08:04:29 2015", "method": "POST", "uuid": 10}, "134": {"path": "/questions", "time": "Thu Jul 23 08:04:29 2015", "uuid": 10, "method": "GET"}, "135": {"path": "/questions", "time": "Thu Jul 23 08:04:45 2015", "method": "POST", "uuid": 10}, "136": {"path": "/instructions", "time": "Thu Jul 23 08:04:45 2015", "uuid": 10, "method": "GET"}, "137": {"path": "/instructions", "time": "Thu Jul 23 08:04:58 2015", "method": "POST", "uuid": 10}, "138": {"path": "/stations_learn", "time": "Thu Jul 23 08:04:58 2015", "uuid": 10, "method": "GET"}, "139": {"path": "/after_learn", "time": "Thu Jul 23 08:17:07 2015", "method": "GET", "uuid": 10}, "140": {"path": "/after_learn", "time": "Thu Jul 23 08:17:34 2015", "uuid": 10, "method": "POST"}, "141": {"path": "/stations", "time": "Thu Jul 23 08:17:34 2015", "method": "GET", "uuid": 10}, "142": {"path": "/after_learn", "time": "Thu Jul 23 08:17:46 2015", "uuid": 10, "method": "GET"}, "143": {"path": "/after_learn", "time": "Thu Jul 23 08:17:51 2015", "method": "POST", "uuid": 10}, "144": {"path": "/stations", "time": "Thu Jul 23 08:17:51 2015", "uuid": 10, "method": "GET"}, "145": {"path": "/after_learn", "time": "Thu Jul 23 08:31:13 2015", "method": "GET", "uuid": 10}, "146": {"path": "/after_learn", "time": "Thu Jul 23 08:31:18 2015", "uuid": 10, "method": "POST"}, "147": {"path": "/stations", "time": "Thu Jul 23 08:31:18 2015", "method": "GET", "uuid": 10}, "148": {"path": "/", "time": "Thu Jul 23 08:31:53 2015", "uuid": "", "method": "GET"}, "149": {"path": "/", "time": "Thu Jul 23 08:31:57 2015", "method": "POST", "uuid": 11}, "150": {"path": "/questions", "time": "Thu Jul 23 08:31:57 2015", "uuid": 11, "method": "GET"}, "151": {"path": "/questions", "time": "Thu Jul 23 08:39:27 2015", "method": "GET", "uuid": 11}, "152": {"path": "/questions", "time": "Thu Jul 23 09:01:40 2015", "uuid": 11, "method": "GET"}, "153": {"path": "/questions", "time": "Thu Jul 23 09:02:07 2015", "method": "GET", "uuid": 11}, "154": {"path": "/questions", "time": "Thu Jul 23 09:02:30 2015", "uuid": 11, "method": "GET"}, "155": {"path": "/questions", "time": "Thu Jul 23 09:02:32 2015", "method": "GET", "uuid": 11}, "156": {"path": "/questions", "time": "Thu Jul 23 09:12:28 2015", "uuid": 11, "method": "POST"}, "157": {"path": "/instructions", "time": "Thu Jul 23 09:12:28 2015", "method": "GET", "uuid": 11}, "158": {"path": "/questions", "time": "Thu Jul 23 09:12:33 2015", "uuid": 11, "method": "GET"}, "159": {"path": "/questions", "time": "Thu Jul 23 09:14:02 2015", "method": "GET", "uuid": 11}, "160": {"path": "/questions", "time": "Thu Jul 23 09:14:31 2015", "uuid": 11, "method": "GET"}, "161": {"path": "/questions", "time": "Thu Jul 23 09:14:43 2015", "method": "GET", "uuid": 11}, "162": {"path": "/questions", "time": "Thu Jul 23 09:15:41 2015", "uuid": 11, "method": "POST"}, "163": {"path": "/instructions", "time": "Thu Jul 23 09:15:41 2015", "method": "GET", "uuid": 11}, "164": {"path": "/after_questions", "time": "Thu Jul 23 09:24:38 2015", "uuid": 11, "method": "GET"}, "165": {"path": "/questions", "time": "Thu Jul 23 09:30:53 2015", "method": "GET", "uuid": 11}, "166": {"path": "/questions", "time": "Thu Jul 23 09:30:56 2015", "uuid": 11, "method": "POST"}, "167": {"path": "/instructions", "time": "Thu Jul 23 09:30:56 2015", "method": "GET", "uuid": 11}, "168": {"path": "/questions", "time": "Thu Jul 23 09:30:58 2015", "uuid": 11, "method": "GET"}, "169": {"path": "/questions", "time": "Thu Jul 23 09:31:07 2015", "method": "GET", "uuid": 11}, "170": {"path": "/questions", "time": "Thu Jul 23 09:31:20 2015", "uuid": 11, "method": "POST"}, "171": {"path": "/instructions", "time": "Thu Jul 23 09:31:20 2015", "method": "GET", "uuid": 11}, "172": {"path": "/questions", "time": "Thu Jul 23 09:31:22 2015", "uuid": 11, "method": "GET"}, "173": {"path": "/questions", "time": "Thu Jul 23 09:31:37 2015", "method": "POST", "uuid": 11}, "174": {"path": "/instructions", "time": "Thu Jul 23 09:31:37 2015", "uuid": 11, "method": "GET"}, "175": {"path": "/questions", "time": "Thu Jul 23 09:31:40 2015", "method": "GET", "uuid": 11}, "176": {"path": "/questions", "time": "Thu Jul 23 09:31:52 2015", "uuid": 11, "method": "POST"}, "177": {"path": "/instructions", "time": "Thu Jul 23 09:31:52 2015", "method": "GET", "uuid": 11}, "178": {"path": "/questions", "time": "Thu Jul 23 09:31:55 2015", "uuid": 11, "method": "GET"}, "179": {"path": "/", "time": "Thu Jul 23 09:31:55 2015", "method": "GET", "uuid": ""}, "180": {"path": "/", "time": "Thu Jul 23 09:31:57 2015", "uuid": 12, "method": "POST"}, "181": {"path": "/questions", "time": "Thu Jul 23 09:31:57 2015", "method": "GET", "uuid": 12}, "182": {"path": "/questions", "time": "Thu Jul 23 09:33:05 2015", "uuid": 12, "method": "GET"}, "183": {"path": "/questions", "time": "Thu Jul 23 09:33:10 2015", "method": "GET", "uuid": 12}, "184": {"path": "/questions", "time": "Thu Jul 23 09:33:12 2015", "uuid": 12, "method": "GET"}, "185": {"path": "/questions", "time": "Thu Jul 23 09:34:52 2015", "method": "GET", "uuid": 12}, "186": {"path": "/questions", "time": "Thu Jul 23 09:35:32 2015", "uuid": 12, "method": "GET"}, "187": {"path": "/questions", "time": "Thu Jul 23 09:35:45 2015", "method": "POST", "uuid": 12}, "188": {"path": "/instructions", "time": "Thu Jul 23 09:35:45 2015", "uuid": 12, "method": "GET"}, "189": {"path": "/questions", "time": "Thu Jul 23 09:35:47 2015", "method": "GET", "uuid": 12}, "190": {"path": "/questions", "time": "Thu Jul 23 09:48:59 2015", "uuid": 12, "method": "POST"}, "191": {"path": "/instructions", "time": "Thu Jul 23 09:48:59 2015", "method": "GET", "uuid": 12}, "192": {"path": "/questions", "time": "Thu Jul 23 09:49:00 2015", "uuid": 12, "method": "GET"}, "193": {"path": "/questions", "time": "Thu Jul 23 09:49:05 2015", "method": "POST", "uuid": 12}, "194": {"path": "/instructions", "time": "Thu Jul 23 09:49:05 2015", "uuid": 12, "method": "GET"}, "195": {"path": "/questions", "time": "Thu Jul 23 09:49:07 2015", "method": "GET", "uuid": 12}, "196": {"path": "/questions", "time": "Thu Jul 23 09:49:09 2015", "uuid": 12, "method": "GET"}, "197": {"path": "/questions", "time": "Thu Jul 23 09:49:30 2015", "method": "POST", "uuid": 12}, "198": {"path": "/instructions", "time": "Thu Jul 23 09:49:30 2015", "uuid": 12, "method": "GET"}, "199": {"path": "/questions", "time": "Thu Jul 23 09:49:38 2015", "method": "GET", "uuid": 12}, "200": {"path": "/questions", "time": "Thu Jul 23 09:49:42 2015", "uuid": 12, "method": "POST"}, "201": {"path": "/instructions", "time": "Thu Jul 23 09:49:42 2015", "method": "GET", "uuid": 12}, "202": {"path": "/questions", "time": "Thu Jul 23 09:49:44 2015", "uuid": 12, "method": "GET"}, "203": {"path": "/", "time": "Thu Jul 23 09:49:44 2015", "method": "GET", "uuid": ""}, "204": {"path": "/", "time": "Thu Jul 23 09:49:45 2015", "uuid": "", "method": "GET"}, "205": {"path": "/", "time": "Thu Jul 23 09:49:50 2015", "method": "POST", "uuid": 13}, "206": {"path": "/questions", "time": "Thu Jul 23 09:49:50 2015", "uuid": 13, "method": "GET"}, "207": {"path": "/questions", "time": "Thu Jul 23 09:53:11 2015", "method": "GET", "uuid": 13}, "208": {"path": "/questions", "time": "Thu Jul 23 09:53:49 2015", "uuid": 13, "method": "GET"}, "209": {"path": "/questions", "time": "Thu Jul 23 09:54:33 2015", "method": "GET", "uuid": 13}, "210": {"path": "/questions", "time": "Thu Jul 23 09:54:44 2015", "uuid": 13, "method": "POST"}, "211": {"path": "/questions", "time": "Thu Jul 23 09:55:22 2015", "method": "GET", "uuid": 13}, "212": {"path": "/questions", "time": "Thu Jul 23 09:55:27 2015", "uuid": 13, "method": "POST"}, "213": {"path": "/questions", "time": "Thu Jul 23 09:55:52 2015", "method": "GET", "uuid": 13}, "214": {"path": "/questions", "time": "Thu Jul 23 09:55:55 2015", "uuid": 13, "method": "GET"}, "215": {"path": "/questions", "time": "Thu Jul 23 09:55:59 2015", "method": "POST", "uuid": 13}, "216": {"path": "/questions", "time": "Thu Jul 23 09:56:31 2015", "uuid": 13, "method": "GET"}, "217": {"path": "/questions", "time": "Thu Jul 23 09:56:37 2015", "method": "POST", "uuid": 13}, "218": {"path": "/questions", "time": "Thu Jul 23 09:56:48 2015", "uuid": 13, "method": "GET"}, "219": {"path": "/questions", "time": "Thu Jul 23 10:18:46 2015", "method": "POST", "uuid": 13}, "220": {"path": "/questions", "time": "Thu Jul 23 10:18:52 2015", "uuid": 13, "method": "GET"}, "221": {"path": "/questions", "time": "Thu Jul 23 10:21:47 2015", "method": "GET", "uuid": 13}, "222": {"path": "/questions", "time": "Thu Jul 23 10:22:14 2015", "uuid": 13, "method": "POST"}, "223": {"path": "/questions", "time": "Thu Jul 23 10:22:29 2015", "method": "GET", "uuid": 13}, "224": {"path": "/", "time": "Thu Jul 23 10:41:07 2015", "uuid": "", "method": "GET"}, "225": {"path": "/", "time": "Thu Jul 23 10:41:11 2015", "method": "POST", "uuid": 14}, "226": {"path": "/questions", "time": "Thu Jul 23 10:41:12 2015", "uuid": 14, "method": "GET"}, "227": {"path": "/questions", "time": "Thu Jul 23 10:41:17 2015", "method": "POST", "uuid": 14}, "228": {"path": "/questions", "time": "Thu Jul 23 10:41:21 2015", "uuid": 14, "method": "POST"}, "229": {"path": "/questions", "time": "Thu Jul 23 10:41:57 2015", "method": "GET", "uuid": 14}, "230": {"path": "/questions", "time": "Thu Jul 23 10:41:59 2015", "uuid": 14, "method": "POST"}, "231": {"path": "/questions", "time": "Thu Jul 23 10:43:03 2015", "method": "POST", "uuid": 14}, "232": {"path": "/questions", "time": "Thu Jul 23 10:48:14 2015", "uuid": 14, "method": "POST"}, "233": {"path": "/", "time": "Thu Jul 23 10:51:00 2015", "method": "GET", "uuid": ""}, "234": {"path": "/", "time": "Thu Jul 23 10:51:03 2015", "uuid": 15, "method": "POST"}, "235": {"path": "/questions", "time": "Thu Jul 23 10:51:03 2015", "method": "GET", "uuid": 15}, "236": {"path": "/questions", "time": "Thu Jul 23 10:51:07 2015", "uuid": 15, "method": "POST"}, "237": {"path": "/questions", "time": "Thu Jul 23 10:53:10 2015", "method": "GET", "uuid": 15}, "238": {"path": "/questions", "time": "Thu Jul 23 10:54:38 2015", "uuid": 15, "method": "GET"}, "239": {"path": "/questions", "time": "Thu Jul 23 10:55:10 2015", "method": "POST", "uuid": 15}, "240": {"path": "/instructions", "time": "Thu Jul 23 10:55:10 2015", "uuid": 15, "method": "GET"}, "241": {"path": "/questions", "time": "Thu Jul 23 10:55:16 2015", "method": "GET", "uuid": 15}, "242": {"path": "/questions", "time": "Thu Jul 23 10:55:18 2015", "uuid": 15, "method": "GET"}, "243": {"path": "/questions", "time": "Thu Jul 23 10:55:36 2015", "method": "POST", "uuid": 15}, "244": {"path": "/instructions", "time": "Thu Jul 23 10:55:36 2015", "uuid": 15, "method": "GET"}, "245": {"path": "/questions", "time": "Thu Jul 23 10:55:38 2015", "method": "GET", "uuid": 15}, "246": {"path": "/questions", "time": "Thu Jul 23 10:56:31 2015", "uuid": 15, "method": "GET"}, "247": {"path": "/questions", "time": "Thu Jul 23 10:56:51 2015", "method": "POST", "uuid": 15}, "248": {"path": "/instructions", "time": "Thu Jul 23 10:56:51 2015", "uuid": 15, "method": "GET"}, "249": {"path": "/questions", "time": "Thu Jul 23 10:57:00 2015", "method": "GET", "uuid": 15}, "250": {"path": "/questions", "time": "Thu Jul 23 10:57:01 2015", "uuid": 15, "method": "GET"}, "251": {"path": "/questions", "time": "Thu Jul 23 10:57:41 2015", "method": "GET", "uuid": 15}, "252": {"path": "/questions", "time": "Thu Jul 23 10:58:01 2015", "uuid": 15, "method": "POST"}, "253": {"path": "/instructions", "time": "Thu Jul 23 10:58:02 2015", "method": "GET", "uuid": 15}, "254": {"path": "/questions", "time": "Thu Jul 23 10:58:25 2015", "uuid": 15, "method": "GET"}, "255": {"path": "/questions", "time": "Thu Jul 23 10:58:26 2015", "method": "GET", "uuid": 15}, "256": {"path": "/questions", "time": "Thu Jul 23 10:58:41 2015", "uuid": 15, "method": "POST"}, "257": {"path": "/instructions", "time": "Thu Jul 23 10:58:41 2015", "method": "GET", "uuid": 15}, "258": {"path": "/instructions", "time": "Thu Jul 23 11:04:55 2015", "uuid": 15, "method": "POST"}, "259": {"path": "/stations_learn", "time": "Thu Jul 23 11:04:55 2015", "method": "GET", "uuid": 15}, "260": {"path": "/after_learn", "time": "Thu Jul 23 11:05:18 2015", "uuid": 15, "method": "GET"}, "261": {"path": "/after_questions", "time": "Thu Jul 23 11:09:41 2015", "method": "GET", "uuid": 15}, "262": {"path": "/after_questions", "time": "Thu Jul 23 11:09:44 2015", "uuid": 15, "method": "POST"}, "263": {"path": "/after_questions", "time": "Thu Jul 23 11:09:45 2015", "method": "POST", "uuid": 15}, "264": {"path": "/stations", "time": "Thu Jul 23 11:09:53 2015", "uuid": 15, "method": "GET"}, "265": {"path": "/after_questions", "time": "Thu Jul 23 11:09:55 2015", "method": "GET", "uuid": 15}, "266": {"path": "/after_learn", "time": "Thu Jul 23 11:10:06 2015", "uuid": 15, "method": "POST"}, "267": {"path": "/stations", "time": "Thu Jul 23 11:10:07 2015", "method": "GET", "uuid": 15}, "268": {"path": "/after_learn", "time": "Thu Jul 23 11:10:11 2015", "uuid": 15, "method": "GET"}, "269": {"path": "/", "time": "Thu Jul 23 11:10:14 2015", "method": "GET", "uuid": ""}, "270": {"path": "/", "time": "Thu Jul 23 11:10:18 2015", "uuid": 16, "method": "POST"}, "271": {"path": "/questions", "time": "Thu Jul 23 11:10:18 2015", "method": "GET", "uuid": 16}, "272": {"path": "/", "time": "Thu Jul 23 11:10:56 2015", "uuid": "", "method": "GET"}, "273": {"path": "/", "time": "Thu Jul 23 11:10:59 2015", "method": "POST", "uuid": 17}, "274": {"path": "/questions", "time": "Thu Jul 23 11:10:59 2015", "uuid": 17, "method": "GET"}, "275": {"path": "/questions", "time": "Thu Jul 23 11:11:05 2015", "method": "POST", "uuid": 17}, "276": {"path": "/instructions", "time": "Thu Jul 23 11:11:05 2015", "uuid": 17, "method": "GET"}, "277": {"path": "/instructions", "time": "Thu Jul 23 11:11:08 2015", "method": "POST", "uuid": 17}, "278": {"path": "/stations_learn", "time": "Thu Jul 23 11:11:08 2015", "uuid": 17, "method": "GET"}, "279": {"path": "/after_learn", "time": "Thu Jul 23 11:11:32 2015", "method": "GET", "uuid": 17}, "280": {"path": "/after_learn", "time": "Thu Jul 23 11:11:39 2015", "uuid": 17, "method": "POST"}, "281": {"path": "/stations", "time": "Thu Jul 23 11:11:39 2015", "method": "GET", "uuid": 17}, "282": {"path": "/after_questions", "time": "Thu Jul 23 11:17:25 2015", "uuid": 17, "method": "GET"}, "283": {"path": "/after_questions", "time": "Thu Jul 23 11:19:22 2015", "method": "GET", "uuid": 17}, "284": {"path": "/after_learn", "time": "Thu Jul 23 11:20:23 2015", "uuid": 17, "method": "GET"}, "285": {"path": "/after_learn", "time": "Thu Jul 23 11:20:33 2015", "method": "POST", "uuid": 17}, "286": {"path": "/stations", "time": "Thu Jul 23 11:20:33 2015", "uuid": 17, "method": "GET"}, "287": {"path": "/after_questions", "time": "Thu Jul 23 11:21:17 2015", "method": "GET", "uuid": 17}, "288": {"path": "/after_questions", "time": "Thu Jul 23 11:22:06 2015", "uuid": 17, "method": "GET"}, "289": {"path": "/after_questions", "time": "Thu Jul 23 11:23:26 2015", "method": "GET", "uuid": 17}, "290": {"path": "/after_questions", "time": "Thu Jul 23 11:24:34 2015", "uuid": 17, "method": "GET"}, "291": {"path": "/after_questions", "time": "Thu Jul 23 11:25:29 2015", "method": "GET", "uuid": 17}, "292": {"path": "/after_questions", "time": "Thu Jul 23 11:42:37 2015", "uuid": 17, "method": "GET"}, "293": {"path": "/after_questions", "time": "Thu Jul 23 11:42:41 2015", "method": "GET", "uuid": 17}, "294": {"path": "/after_questions", "time": "Thu Jul 23 11:42:45 2015", "uuid": 17, "method": "GET"}, "295": {"path": "/after_questions", "time": "Thu Jul 23 11:42:46 2015", "method": "GET", "uuid": 17}, "296": {"path": "/after_questions", "time": "Thu Jul 23 11:42:48 2015", "uuid": 17, "method": "GET"}, "297": {"path": "/after_questions", "time": "Thu Jul 23 11:42:49 2015", "method": "GET", "uuid": 17}, "298": {"path": "/after_questions", "time": "Thu Jul 23 11:44:41 2015", "uuid": 17, "method": "POST"}, "299": {"path": "/after_questions", "time": "Thu Jul 23 11:44:42 2015", "method": "POST", "uuid": 17}, "300": {"path": "/stations", "time": "Thu Jul 23 11:44:46 2015", "uuid": 17, "method": "GET"}, "301": {"path": "/after_questions", "time": "Thu Jul 23 11:50:00 2015", "method": "GET", "uuid": 17}, "302": {"path": "/after_questions", "time": "Thu Jul 23 11:50:02 2015", "uuid": 17, "method": "GET"}, "303": {"path": "/after_questions", "time": "Thu Jul 23 11:50:04 2015", "method": "GET", "uuid": 17}, "304": {"path": "/after_questions", "time": "Thu Jul 23 11:51:55 2015", "uuid": 17, "method": "GET"}, "305": {"path": "/after_questions", "time": "Thu Jul 23 12:00:06 2015", "method": "GET", "uuid": 17}, "306": {"path": "/after_questions", "time": "Thu Jul 23 12:00:18 2015", "uuid": 17, "method": "GET"}, "307": {"path": "/", "time": "Thu Jul 23 17:27:10 2015", "method": "GET", "uuid": ""}, "308": {"path": "/", "time": "Thu Jul 23 17:27:14 2015", "uuid": 18, "method": "POST"}, "309": {"path": "/questions", "time": "Thu Jul 23 17:27:14 2015", "method": "GET", "uuid": 18}, "310": {"path": "/questions", "time": "Thu Jul 23 17:27:21 2015", "uuid": 18, "method": "POST"}, "311": {"path": "/instructions", "time": "Thu Jul 23 17:27:21 2015", "method": "GET", "uuid": 18}, "312": {"path": "/instructions", "time": "Thu Jul 23 17:27:23 2015", "uuid": 18, "method": "POST"}, "313": {"path": "/stations_learn", "time": "Thu Jul 23 17:27:24 2015", "method": "GET", "uuid": 18}, "314": {"path": "/after_learn", "time": "Thu Jul 23 17:29:21 2015", "uuid": 18, "method": "GET"}, "315": {"path": "/after_learn", "time": "Thu Jul 23 17:29:35 2015", "method": "POST", "uuid": 18}, "316": {"path": "/stations", "time": "Thu Jul 23 17:29:35 2015", "uuid": 18, "method": "GET"}, "317": {"path": "/", "time": "Thu Jul 23 17:37:30 2015", "method": "GET", "uuid": ""}, "318": {"path": "/after_questions", "time": "Thu Jul 23 17:37:42 2015", "uuid": 18, "method": "GET"}, "319": {"path": "/after_questions", "time": "Thu Jul 23 17:38:19 2015", "method": "GET", "uuid": 18}, "320": {"path": "/", "time": "Thu Jul 23 17:55:51 2015", "uuid": "", "method": "GET"}, "321": {"path": "/", "time": "Thu Jul 23 17:55:54 2015", "method": "POST", "uuid": 19}, "322": {"path": "/questions", "time": "Thu Jul 23 17:55:54 2015", "uuid": 19, "method": "GET"}, "323": {"path": "/questions", "time": "Thu Jul 23 17:56:07 2015", "method": "POST", "uuid": 19}, "324": {"path": "/instructions", "time": "Thu Jul 23 17:56:07 2015", "uuid": 19, "method": "GET"}, "325": {"path": "/instructions", "time": "Thu Jul 23 17:56:10 2015", "method": "POST", "uuid": 19}, "326": {"path": "/stations_learn", "time": "Thu Jul 23 17:56:11 2015", "uuid": 19, "method": "GET"}, "327": {"path": "/after_learn", "time": "Thu Jul 23 18:01:32 2015", "method": "GET", "uuid": 19}, "328": {"path": "/after_learn", "time": "Thu Jul 23 18:09:12 2015", "uuid": 19, "method": "GET"}, "329": {"path": "/after_learn", "time": "Thu Jul 23 18:10:04 2015", "method": "GET", "uuid": 19}, "330": {"path": "/after_learn", "time": "Thu Jul 23 18:10:13 2015", "uuid": 19, "method": "GET"}, "331": {"path": "/stations_learn", "time": "Thu Jul 23 18:13:13 2015", "method": "GET", "uuid": 19}, "332": {"path": "/after_learn", "time": "Thu Jul 23 18:13:30 2015", "uuid": 19, "method": "GET"}, "333": {"path": "/after_learn", "time": "Thu Jul 23 18:13:43 2015", "method": "POST", "uuid": 19}, "334": {"path": "/stations", "time": "Thu Jul 23 18:13:43 2015", "uuid": 19, "method": "GET"}, "335": {"path": "/after_questions", "time": "Thu Jul 23 18:19:26 2015", "method": "GET", "uuid": 19}, "336": {"path": "/after_questions", "time": "Thu Jul 23 18:19:26 2015", "uuid": 19, "method": "GET"}, "337": {"path": "/after_questions", "time": "Thu Jul 23 18:19:33 2015", "method": "GET", "uuid": 19}, "338": {"path": "/after_questions", "time": "Thu Jul 23 18:19:36 2015", "uuid": 19, "method": "GET"}, "339": {"path": "/", "time": "Thu Jul 23 18:20:54 2015", "method": "GET", "uuid": ""}, "340": {"path": "/", "time": "Thu Jul 23 18:20:58 2015", "uuid": 20, "method": "POST"}, "341": {"path": "/questions", "time": "Thu Jul 23 18:20:58 2015", "method": "GET", "uuid": 20}, "342": {"path": "/questions", "time": "Thu Jul 23 18:21:06 2015", "uuid": 20, "method": "POST"}, "343": {"path": "/instructions", "time": "Thu Jul 23 18:21:06 2015", "method": "GET", "uuid": 20}, "344": {"path": "/instructions", "time": "Thu Jul 23 18:21:08 2015", "uuid": 20, "method": "POST"}, "345": {"path": "/stations_learn", "time": "Thu Jul 23 18:21:08 2015", "method": "GET", "uuid": 20}, "346": {"path": "/stations_learn", "time": "Thu Jul 23 18:22:41 2015", "uuid": 20, "method": "GET"}, "347": {"path": "/after_learn", "time": "Thu Jul 23 18:23:02 2015", "method": "GET", "uuid": 20}, "348": {"path": "/after_learn", "time": "Thu Jul 23 18:23:05 2015", "uuid": 20, "method": "GET"}, "349": {"path": "/after_learn", "time": "Thu Jul 23 18:23:07 2015", "method": "GET", "uuid": 20}, "350": {"path": "/after_learn", "time": "Thu Jul 23 18:23:10 2015", "uuid": 20, "method": "GET"}, "351": {"path": "/after_learn", "time": "Thu Jul 23 18:23:13 2015", "method": "GET", "uuid": 20}, "352": {"path": "/after_questions", "time": "Thu Jul 23 18:23:49 2015", "uuid": 20, "method": "POST"}, "353": {"path": "/after_questions", "time": "Thu Jul 23 18:23:49 2015", "method": "POST", "uuid": 20}, "354": {"path": "/stations", "time": "Thu Jul 23 18:23:53 2015", "uuid": 20, "method": "GET"}, "355": {"path": "/after_learn", "time": "Thu Jul 23 18:24:20 2015", "method": "POST", "uuid": 20}, "356": {"path": "/after_learn", "time": "Thu Jul 23 18:24:22 2015", "uuid": 20, "method": "POST"}, "357": {"path": "/stations", "time": "Thu Jul 23 18:24:39 2015", "method": "GET", "uuid": 20}, "358": {"path": "/after_questions", "time": "Thu Jul 23 18:27:32 2015", "uuid": 20, "method": "POST"}, "359": {"path": "/after_questions", "time": "Thu Jul 23 18:31:17 2015", "method": "GET", "uuid": 20}, "360": {"path": "/after_questions", "time": "Thu Jul 23 18:32:02 2015", "uuid": 20, "method": "GET"}, "361": {"path": "/", "time": "Sun Jul 26 09:41:43 2015", "method": "GET", "uuid": ""}, "362": {"path": "/", "time": "Sun Jul 26 09:42:03 2015", "uuid": 21, "method": "POST"}, "363": {"path": "/questions", "time": "Sun Jul 26 09:42:03 2015", "method": "GET", "uuid": 21}, "364": {"path": "/questions", "time": "Sun Jul 26 09:42:10 2015", "uuid": 21, "method": "POST"}, "365": {"path": "/instructions", "time": "Sun Jul 26 09:42:11 2015", "method": "GET", "uuid": 21}, "366": {"path": "/instructions", "time": "Sun Jul 26 09:42:13 2015", "uuid": 21, "method": "POST"}, "367": {"path": "/stations_learn", "time": "Sun Jul 26 09:42:14 2015", "method": "GET", "uuid": 21}, "368": {"path": "/stations_learn", "time": "Sun Jul 26 09:45:29 2015", "uuid": 21, "method": "GET"}, "369": {"path": "/stations_learn", "time": "Sun Jul 26 09:47:14 2015", "method": "GET", "uuid": 21}, "370": {"path": "/after_learn", "time": "Sun Jul 26 09:47:36 2015", "uuid": 21, "method": "GET"}, "371": {"path": "/after_learn", "time": "Sun Jul 26 09:49:47 2015", "method": "GET", "uuid": 21}, "372": {"path": "/after_learn", "time": "Sun Jul 26 09:50:11 2015", "uuid": 21, "method": "GET"}, "373": {"path": "/stations_learn", "time": "Sun Jul 26 09:50:18 2015", "method": "GET", "uuid": 21}, "374": {"path": "/after_learn", "time": "Sun Jul 26 09:51:03 2015", "uuid": 21, "method": "GET"}, "375": {"path": "/after_learn", "time": "Sun Jul 26 09:52:05 2015", "method": "POST", "uuid": 21}, "376": {"path": "/stations", "time": "Sun Jul 26 09:52:05 2015", "uuid": 21, "method": "GET"}, "377": {"path": "/after_learn", "time": "Sun Jul 26 09:53:00 2015", "method": "GET", "uuid": 21}, "378": {"path": "/after_learn", "time": "Sun Jul 26 09:53:13 2015", "uuid": 21, "method": "POST"}, "379": {"path": "/after_learn", "time": "Sun Jul 26 09:53:14 2015", "method": "POST", "uuid": 21}, "380": {"path": "/stations", "time": "Sun Jul 26 09:53:17 2015", "uuid": 21, "method": "GET"}, "381": {"path": "/after_learn", "time": "Sun Jul 26 09:53:17 2015", "method": "POST", "uuid": 21}, "382": {"path": "/", "time": "Sun Jul 26 10:10:57 2015", "uuid": "", "method": "GET"}, "383": {"path": "/", "time": "Sun Jul 26 10:10:59 2015", "method": "POST", "uuid": 22}, "384": {"path": "/questions", "time": "Sun Jul 26 10:11:00 2015", "uuid": 22, "method": "GET"}, "385": {"path": "/questions", "time": "Sun Jul 26 10:11:05 2015", "method": "POST", "uuid": 22}, "386": {"path": "/instructions", "time": "Sun Jul 26 10:11:05 2015", "uuid": 22, "method": "GET"}, "387": {"path": "/instructions", "time": "Sun Jul 26 10:11:08 2015", "method": "POST", "uuid": 22}, "388": {"path": "/stations_learn", "time": "Sun Jul 26 10:11:08 2015", "uuid": 22, "method": "GET"}, "389": {"path": "/after_learn", "time": "Sun Jul 26 10:15:37 2015", "method": "GET", "uuid": 22}, "390": {"path": "/stations_learn", "time": "Sun Jul 26 10:20:32 2015", "uuid": 22, "method": "GET"}, "391": {"path": "/stations_learn", "time": "Sun Jul 26 10:20:33 2015", "method": "GET", "uuid": 22}, "392": {"path": "/stations_learn", "time": "Sun Jul 26 10:20:40 2015", "uuid": 22, "method": "GET"}, "393": {"path": "/after_learn", "time": "Sun Jul 26 10:25:18 2015", "method": "GET", "uuid": 22}, "394": {"path": "/stations_learn", "time": "Sun Jul 26 10:34:32 2015", "uuid": 22, "method": "GET"}, "395": {"path": "/instructions", "time": "Sun Jul 26 10:34:39 2015", "method": "GET", "uuid": 22}, "396": {"path": "/stations_learn", "time": "Sun Jul 26 10:34:43 2015", "uuid": 22, "method": "GET"}, "397": {"path": "/", "time": "Sun Jul 26 10:34:46 2015", "method": "GET", "uuid": ""}, "398": {"path": "/", "time": "Sun Jul 26 10:34:49 2015", "uuid": 23, "method": "POST"}, "399": {"path": "/questions", "time": "Sun Jul 26 10:34:49 2015", "method": "GET", "uuid": 23}, "400": {"path": "/questions", "time": "Sun Jul 26 10:34:54 2015", "uuid": 23, "method": "POST"}, "401": {"path": "/instructions", "time": "Sun Jul 26 10:34:55 2015", "method": "GET", "uuid": 23}, "402": {"path": "/instructions", "time": "Sun Jul 26 10:34:57 2015", "uuid": 23, "method": "POST"}, "403": {"path": "/stations_learn", "time": "Sun Jul 26 10:34:57 2015", "method": "GET", "uuid": 23}, "404": {"path": "/", "time": "Sun Jul 26 10:35:14 2015", "uuid": "", "method": "GET"}, "405": {"path": "/", "time": "Sun Jul 26 10:35:21 2015", "method": "POST", "uuid": 24}, "406": {"path": "/questions", "time": "Sun Jul 26 10:35:21 2015", "uuid": 24, "method": "GET"}, "407": {"path": "/questions", "time": "Sun Jul 26 10:35:32 2015", "method": "POST", "uuid": 24}, "408": {"path": "/instructions", "time": "Sun Jul 26 10:35:32 2015", "uuid": 24, "method": "GET"}, "409": {"path": "/instructions", "time": "Sun Jul 26 10:35:35 2015", "method": "POST", "uuid": 24}, "410": {"path": "/stations_learn", "time": "Sun Jul 26 10:35:36 2015", "uuid": 24, "method": "GET"}, "411": {"path": "/stations_learn", "time": "Sun Jul 26 10:36:07 2015", "method": "GET", "uuid": 24}, "412": {"path": "/after_learn", "time": "Sun Jul 26 10:40:44 2015", "uuid": 24, "method": "GET"}, "413": {"path": "/stations_learn", "time": "Sun Jul 26 10:40:55 2015", "method": "GET", "uuid": 24}, "414": {"path": "/stations_learn", "time": "Sun Jul 26 10:40:56 2015", "uuid": 24, "method": "GET"}, "415": {"path": "/stations_learn", "time": "Sun Jul 26 10:42:37 2015", "method": "GET", "uuid": 24}, "416": {"path": "/", "time": "Sun Jul 26 10:42:37 2015", "uuid": "", "method": "GET"}, "417": {"path": "/", "time": "Sun Jul 26 10:42:43 2015", "method": "POST", "uuid": 25}, "418": {"path": "/questions", "time": "Sun Jul 26 10:42:43 2015", "uuid": 25, "method": "GET"}, "419": {"path": "/questions", "time": "Sun Jul 26 10:42:51 2015", "method": "POST", "uuid": 25}, "420": {"path": "/instructions", "time": "Sun Jul 26 10:42:51 2015", "uuid": 25, "method": "GET"}, "421": {"path": "/instructions", "time": "Sun Jul 26 10:42:55 2015", "method": "POST", "uuid": 25}, "422": {"path": "/stations_learn", "time": "Sun Jul 26 10:42:55 2015", "uuid": 25, "method": "GET"}, "423": {"path": "/after_learn", "time": "Sun Jul 26 10:43:30 2015", "method": "GET", "uuid": 25}, "424": {"path": "/after_learn", "time": "Sun Jul 26 10:44:05 2015", "uuid": 25, "method": "POST"}, "425": {"path": "/stations", "time": "Sun Jul 26 10:44:06 2015", "method": "GET", "uuid": 25}, "426": {"path": "/after_learn", "time": "Sun Jul 26 10:44:30 2015", "uuid": 25, "method": "GET"}, "427": {"path": "/", "time": "Sun Jul 26 10:46:40 2015", "method": "GET", "uuid": ""}, "428": {"path": "/", "time": "Sun Jul 26 10:46:45 2015", "uuid": 26, "method": "POST"}, "429": {"path": "/questions", "time": "Sun Jul 26 10:46:45 2015", "method": "GET", "uuid": 26}, "430": {"path": "/questions", "time": "Sun Jul 26 10:46:52 2015", "uuid": 26, "method": "POST"}, "431": {"path": "/instructions", "time": "Sun Jul 26 10:46:53 2015", "method": "GET", "uuid": 26}, "432": {"path": "/instructions", "time": "Sun Jul 26 10:46:55 2015", "uuid": 26, "method": "POST"}, "433": {"path": "/stations_learn", "time": "Sun Jul 26 10:46:55 2015", "method": "GET", "uuid": 26}, "434": {"path": "/after_learn", "time": "Sun Jul 26 10:47:54 2015", "uuid": 26, "method": "GET"}, "435": {"path": "/stations_learn", "time": "Sun Jul 26 10:48:07 2015", "method": "GET", "uuid": 26}, "436": {"path": "/stations_learn", "time": "Sun Jul 26 10:48:07 2015", "uuid": 26, "method": "GET"}, "437": {"path": "/after_learn", "time": "Sun Jul 26 10:49:10 2015", "method": "GET", "uuid": 26}, "438": {"path": "/after_learn", "time": "Sun Jul 26 10:50:07 2015", "uuid": 26, "method": "POST"}, "439": {"path": "/stations", "time": "Sun Jul 26 10:50:07 2015", "method": "GET", "uuid": 26}, "440": {"path": "/after_questions", "time": "Sun Jul 26 10:56:44 2015", "uuid": 26, "method": "GET"}, "441": {"path": "/after_questions", "time": "Sun Jul 26 10:57:42 2015", "method": "POST", "uuid": 26}, "442": {"path": "/after_questions", "time": "Sun Jul 26 10:57:42 2015", "uuid": 26, "method": "POST"}, "443": {"path": "/stations", "time": "Sun Jul 26 10:57:47 2015", "method": "GET", "uuid": 26}, "444": {"path": "/", "time": "Sun Jul 26 11:08:25 2015", "uuid": "", "method": "GET"}, "445": {"path": "/", "time": "Sun Jul 26 11:08:54 2015", "method": "GET", "uuid": ""}, "446": {"path": "/", "time": "Sun Jul 26 11:08:58 2015", "uuid": 27, "method": "POST"}, "447": {"path": "/questions", "time": "Sun Jul 26 11:08:58 2015", "method": "GET", "uuid": 27}, "448": {"path": "/questions", "time": "Sun Jul 26 11:09:05 2015", "uuid": 27, "method": "POST"}, "449": {"path": "/instructions", "time": "Sun Jul 26 11:09:05 2015", "method": "GET", "uuid": 27}, "450": {"path": "/instructions", "time": "Sun Jul 26 11:09:08 2015", "uuid": 27, "method": "POST"}, "451": {"path": "/stations_learn", "time": "Sun Jul 26 11:09:08 2015", "method": "GET", "uuid": 27}, "452": {"path": "/", "time": "Sun Jul 26 12:01:24 2015", "uuid": 28, "method": "POST"}, "453": {"path": "/questions", "time": "Sun Jul 26 12:01:24 2015", "method": "GET", "uuid": 28}, "454": {"path": "/questions", "time": "Sun Jul 26 12:01:31 2015", "uuid": 28, "method": "POST"}, "455": {"path": "/instructions", "time": "Sun Jul 26 12:01:31 2015", "method": "GET", "uuid": 28}, "456": {"path": "/instructions", "time": "Sun Jul 26 12:01:34 2015", "uuid": 28, "method": "POST"}, "457": {"path": "/stations_learn", "time": "Sun Jul 26 12:01:35 2015", "method": "GET", "uuid": 28}, "458": {"path": "/after_learn", "time": "Sun Jul 26 12:02:49 2015", "uuid": 28, "method": "GET"}, "459": {"path": "/after_learn", "time": "Sun Jul 26 12:03:13 2015", "method": "POST", "uuid": 28}, "460": {"path": "/stations", "time": "Sun Jul 26 12:03:18 2015", "uuid": 28, "method": "GET"}, "461": {"path": "/", "time": "Sun Jul 26 15:16:48 2015", "method": "GET", "uuid": ""}, "462": {"path": "/", "time": "Sun Jul 26 15:16:50 2015", "uuid": 29, "method": "POST"}, "463": {"path": "/questions", "time": "Sun Jul 26 15:16:51 2015", "method": "GET", "uuid": 29}, "464": {"path": "/questions", "time": "Sun Jul 26 15:16:58 2015", "uuid": 29, "method": "POST"}, "465": {"path": "/instructions", "time": "Sun Jul 26 15:16:59 2015", "method": "GET", "uuid": 29}, "466": {"path": "/instructions", "time": "Sun Jul 26 15:17:01 2015", "uuid": 29, "method": "POST"}, "467": {"path": "/stations_learn", "time": "Sun Jul 26 15:17:01 2015", "method": "GET", "uuid": 29}, "468": {"path": "/after_learn", "time": "Sun Jul 26 15:17:58 2015", "uuid": 29, "method": "GET"}, "469": {"path": "/after_learn", "time": "Sun Jul 26 15:18:12 2015", "method": "GET", "uuid": 29}, "470": {"path": "/after_learn", "time": "Sun Jul 26 15:18:42 2015", "uuid": 29, "method": "POST"}, "471": {"path": "/after_learn", "time": "Sun Jul 26 15:18:43 2015", "method": "POST", "uuid": 29}, "472": {"path": "/stations", "time": "Sun Jul 26 15:18:43 2015", "uuid": 29, "method": "GET"}, "473": {"path": "/after_questions", "time": "Sun Jul 26 15:24:55 2015", "method": "GET", "uuid": 29}, "474": {"path": "/after_questions", "time": "Sun Jul 26 15:25:06 2015", "uuid": 29, "method": "POST"}, "475": {"path": "/after_questions", "time": "Sun Jul 26 15:25:07 2015", "method": "POST", "uuid": 29}, "476": {"path": "/stations", "time": "Sun Jul 26 15:25:10 2015", "uuid": 29, "method": "GET"}, "477": {"path": "/", "time": "Sun Jul 26 15:25:59 2015", "method": "GET", "uuid": ""}, "478": {"path": "/after_questions", "time": "Sun Jul 26 15:30:52 2015", "uuid": 29, "method": "GET"}, "479": {"path": "/after_questions", "time": "Sun Jul 26 15:31:10 2015", "method": "POST", "uuid": 29}, "480": {"path": "/after_questions", "time": "Sun Jul 26 15:31:10 2015", "uuid": 29, "method": "POST"}, "481": {"path": "/end", "time": "Sun Jul 26 15:31:11 2015", "method": "GET", "uuid": 29}, "482": {"path": "/end", "time": "Sun Jul 26 15:31:11 2015", "uuid": 29, "method": "GET"}, "483": {"path": "/", "time": "Sun Jul 26 15:39:00 2015", "method": "GET", "uuid": ""}, "484": {"path": "/", "time": "Sun Jul 26 15:39:05 2015", "uuid": 30, "method": "POST"}, "485": {"path": "/questions", "time": "Sun Jul 26 15:39:06 2015", "method": "GET", "uuid": 30}, "486": {"path": "/questions", "time": "Sun Jul 26 15:39:19 2015", "uuid": 30, "method": "POST"}, "487": {"path": "/instructions", "time": "Sun Jul 26 15:39:20 2015", "method": "GET", "uuid": 30}, "488": {"path": "/instructions", "time": "Sun Jul 26 15:39:22 2015", "uuid": 30, "method": "POST"}, "489": {"path": "/stations_learn", "time": "Sun Jul 26 15:39:23 2015", "method": "GET", "uuid": 30}, "490": {"path": "/after_learn", "time": "Sun Jul 26 15:40:31 2015", "uuid": 30, "method": "GET"}, "491": {"path": "/after_learn", "time": "Sun Jul 26 15:40:51 2015", "method": "POST", "uuid": 30}, "492": {"path": "/stations", "time": "Sun Jul 26 15:40:51 2015", "uuid": 30, "method": "GET"}, "493": {"path": "/after_questions", "time": "Sun Jul 26 15:49:46 2015", "method": "GET", "uuid": 30}, "494": {"path": "/after_questions", "time": "Sun Jul 26 15:50:24 2015", "uuid": 30, "method": "POST"}, "495": {"path": "/after_questions", "time": "Sun Jul 26 15:50:24 2015", "method": "POST", "uuid": 30}, "496": {"path": "/stations", "time": "Sun Jul 26 15:50:31 2015", "uuid": 30, "method": "GET"}, "497": {"path": "/after_questions", "time": "Sun Jul 26 15:57:47 2015", "method": "GET", "uuid": 30}, "498": {"path": "/after_questions", "time": "Sun Jul 26 15:57:56 2015", "uuid": 30, "method": "POST"}, "499": {"path": "/after_questions", "time": "Sun Jul 26 15:57:57 2015", "method": "POST", "uuid": 30}, "500": {"path": "/end", "time": "Sun Jul 26 15:57:57 2015", "uuid": 30, "method": "GET"}, "501": {"path": "/end", "time": "Sun Jul 26 15:57:58 2015", "method": "GET", "uuid": 30}, "502": {"path": "/", "time": "Sun Jul 26 16:22:13 2015", "uuid": "", "method": "GET"}, "503": {"path": "/", "time": "Sun Jul 26 16:30:32 2015", "method": "POST", "uuid": 31}, "504": {"path": "/questions", "time": "Sun Jul 26 16:30:33 2015", "uuid": 31, "method": "GET"}, "505": {"path": "/questions", "time": "Sun Jul 26 16:30:48 2015", "method": "POST", "uuid": 31}, "506": {"path": "/instructions", "time": "Sun Jul 26 16:30:48 2015", "uuid": 31, "method": "GET"}, "507": {"path": "/instructions", "time": "Sun Jul 26 16:30:51 2015", "method": "POST", "uuid": 31}, "508": {"path": "/stations_learn", "time": "Sun Jul 26 16:30:51 2015", "uuid": 31, "method": "GET"}, "509": {"path": "/after_learn", "time": "Sun Jul 26 16:31:39 2015", "method": "GET", "uuid": 31}, "510": {"path": "/after_learn", "time": "Sun Jul 26 16:49:20 2015", "uuid": 31, "method": "POST"}, "511": {"path": "/stations", "time": "Sun Jul 26 16:49:32 2015", "method": "GET", "uuid": 31}, "512": {"path": "/after_learn", "time": "Sun Jul 26 16:49:32 2015", "uuid": 31, "method": "POST"}, "513": {"path": "/stations", "time": "Sun Jul 26 16:49:33 2015", "method": "GET", "uuid": 31}, "514": {"path": "/after_questions", "time": "Sun Jul 26 16:58:42 2015", "uuid": 31, "method": "GET"}, "515": {"path": "/after_questions", "time": "Sun Jul 26 16:59:05 2015", "method": "POST", "uuid": 31}, "516": {"path": "/after_questions", "time": "Sun Jul 26 16:59:05 2015", "uuid": 31, "method": "POST"}, "517": {"path": "/stations", "time": "Sun Jul 26 17:00:14 2015", "method": "GET", "uuid": 31}, "518": {"path": "/stations", "time": "Sun Jul 26 17:00:15 2015", "uuid": 31, "method": "GET"}, "519": {"path": "/end", "time": "Sun Jul 26 17:11:32 2015", "method": "GET", "uuid": 31}, "520": {"path": "/end", "time": "Sun Jul 26 17:12:13 2015", "uuid": 31, "method": "GET"}, "521": {"path": "/end", "time": "Sun Jul 26 17:12:22 2015", "method": "GET", "uuid": 31}, "522": {"path": "/stations", "time": "Sun Jul 26 17:12:38 2015", "uuid": 31, "method": "GET"}, "523": {"path": "/end", "time": "Sun Jul 26 17:12:46 2015", "method": "GET", "uuid": 31}, "524": {"path": "/end", "time": "Sun Jul 26 17:13:57 2015", "uuid": 31, "method": "GET"}, "525": {"path": "/end", "time": "Sun Jul 26 17:14:43 2015", "method": "GET", "uuid": 31}, "526": {"path": "/end", "time": "Sun Jul 26 17:15:25 2015", "uuid": 31, "method": "GET"}, "527": {"path": "/end", "time": "Sun Jul 26 17:15:57 2015", "method": "GET", "uuid": 31}, "528": {"path": "/end", "time": "Sun Jul 26 17:16:26 2015", "uuid": 31, "method": "GET"}, "529": {"path": "/end", "time": "Sun Jul 26 17:20:42 2015", "method": "GET", "uuid": 31}, "530": {"path": "/end", "time": "Sun Jul 26 17:20:45 2015", "uuid": 31, "method": "GET"}, "531": {"path": "/end", "time": "Sun Jul 26 17:21:00 2015", "method": "GET", "uuid": 31}, "532": {"path": "/end", "time": "Sun Jul 26 17:21:32 2015", "uuid": 31, "method": "GET"}, "533": {"path": "/end", "time": "Sun Jul 26 17:21:40 2015", "method": "GET", "uuid": 31}, "534": {"path": "/", "time": "Sun Jul 26 17:22:55 2015", "uuid": "", "method": "GET"}, "535": {"path": "/", "time": "Sun Jul 26 17:25:08 2015", "method": "GET", "uuid": ""}, "536": {"path": "/", "time": "Sun Jul 26 17:25:11 2015", "uuid": 32, "method": "POST"}, "537": {"path": "/questions", "time": "Sun Jul 26 17:25:12 2015", "method": "GET", "uuid": 32}, "538": {"path": "/questions", "time": "Sun Jul 26 17:25:18 2015", "uuid": 32, "method": "POST"}, "539": {"path": "/instructions", "time": "Sun Jul 26 17:25:19 2015", "method": "GET", "uuid": 32}, "540": {"path": "/stations_learn", "time": "Sun Jul 26 17:39:05 2015", "uuid": 32, "method": "GET"}, "541": {"path": "/end", "time": "Sun Jul 26 17:49:36 2015", "method": "GET", "uuid": 32}, "542": {"path": "/end", "time": "Sun Jul 26 17:50:28 2015", "uuid": 32, "method": "GET"}, "543": {"path": "/end", "time": "Sun Jul 26 17:50:47 2015", "method": "GET", "uuid": 32}, "544": {"path": "/end", "time": "Sun Jul 26 17:50:50 2015", "uuid": 32, "method": "GET"}, "545": {"path": "/end", "time": "Sun Jul 26 17:50:51 2015", "method": "GET", "uuid": 32}, "546": {"path": "/end", "time": "Sun Jul 26 17:52:47 2015", "uuid": "30", "method": "GET"}, "547": {"path": "/end", "time": "Sun Jul 26 17:53:15 2015", "method": "GET", "uuid": "30"}, "548": {"path": "/end", "time": "Sun Jul 26 17:53:59 2015", "uuid": "30", "method": "GET"}, "549": {"path": "/end", "time": "Sun Jul 26 17:54:23 2015", "method": "GET", "uuid": "30"}, "550": {"path": "/end", "time": "Sun Jul 26 17:54:51 2015", "uuid": "30", "method": "GET"}, "551": {"path": "/end", "time": "Sun Jul 26 17:55:31 2015", "method": "GET", "uuid": "30"}, "552": {"path": "/end", "time": "Sun Jul 26 17:55:55 2015", "uuid": "30", "method": "GET"}, "553": {"path": "/end", "time": "Sun Jul 26 17:56:07 2015", "method": "GET", "uuid": "30"}, "554": {"path": "/end", "time": "Sun Jul 26 17:56:32 2015", "uuid": "30", "method": "GET"}, "555": {"path": "/end", "time": "Sun Jul 26 17:56:48 2015", "method": "GET", "uuid": "30"}, "556": {"path": "/end", "time": "Sun Jul 26 17:56:58 2015", "uuid": "30", "method": "GET"}, "557": {"path": "/end", "time": "Sun Jul 26 17:57:02 2015", "method": "GET", "uuid": "30"}, "558": {"path": "/end", "time": "Sun Jul 26 18:12:35 2015", "uuid": "30", "method": "GET"}, "559": {"path": "/", "time": "Mon Jul 27 10:06:55 2015", "method": "GET", "uuid": ""}, "560": {"path": "/end", "time": "Mon Jul 27 10:08:54 2015", "uuid": "31", "method": "GET"}, "561": {"path": "/end", "time": "Mon Jul 27 10:11:05 2015", "method": "GET", "uuid": "31"}, "562": {"path": "/", "time": "Mon Jul 27 10:41:45 2015", "uuid": "", "method": "GET"}, "563": {"path": "/", "time": "Mon Jul 27 10:42:11 2015", "method": "POST", "uuid": 33}, "564": {"path": "/questions", "time": "Mon Jul 27 10:42:11 2015", "uuid": 33, "method": "GET"}, "565": {"path": "/questions", "time": "Mon Jul 27 10:42:18 2015", "method": "POST", "uuid": 33}, "566": {"path": "/instructions", "time": "Mon Jul 27 10:42:18 2015", "uuid": 33, "method": "GET"}, "567": {"path": "/instructions", "time": "Mon Jul 27 10:42:21 2015", "method": "POST", "uuid": 33}, "568": {"path": "/stations_learn", "time": "Mon Jul 27 10:42:21 2015", "uuid": 33, "method": "GET"}, "569": {"path": "/after_learn", "time": "Mon Jul 27 10:44:06 2015", "method": "GET", "uuid": 33}, "570": {"path": "/after_learn", "time": "Mon Jul 27 10:44:40 2015", "uuid": 33, "method": "POST"}, "571": {"path": "/stations", "time": "Mon Jul 27 10:44:41 2015", "method": "GET", "uuid": 33}, "572": {"path": "/after_questions", "time": "Mon Jul 27 10:50:19 2015", "uuid": 33, "method": "GET"}, "573": {"path": "/end", "time": "Mon Jul 27 10:50:41 2015", "method": "GET", "uuid": 33}, "574": {"path": "/end", "time": "Mon Jul 27 10:51:37 2015", "uuid": 33, "method": "GET"}, "575": {"path": "/end", "time": "Mon Jul 27 10:51:39 2015", "method": "GET", "uuid": 33}, "576": {"path": "/end", "time": "Mon Jul 27 10:52:14 2015", "uuid": 33, "method": "GET"}, "577": {"path": "/end", "time": "Mon Jul 27 10:53:01 2015", "method": "GET", "uuid": 33}, "578": {"path": "/end", "time": "Mon Jul 27 10:54:02 2015", "uuid": 33, "method": "GET"}, "579": {"path": "/end", "time": "Mon Jul 27 11:02:54 2015", "method": "GET", "uuid": 33}, "580": {"path": "/end", "time": "Mon Jul 27 11:04:30 2015", "uuid": 33, "method": "GET"}, "581": {"path": "/end", "time": "Mon Jul 27 11:05:46 2015", "method": "GET", "uuid": 33}, "582": {"path": "/end", "time": "Mon Jul 27 11:06:43 2015", "uuid": 33, "method": "GET"}, "583": {"path": "/end", "time": "Mon Jul 27 11:07:23 2015", "method": "GET", "uuid": 33}, "584": {"path": "/end", "time": "Mon Jul 27 11:07:26 2015", "uuid": 33, "method": "GET"}, "585": {"path": "/end", "time": "Mon Jul 27 11:07:58 2015", "method": "GET", "uuid": 33}, "586": {"path": "/end", "time": "Mon Jul 27 11:08:10 2015", "uuid": 33, "method": "GET"}, "587": {"path": "/end", "time": "Mon Jul 27 11:11:06 2015", "method": "GET", "uuid": 33}, "588": {"path": "/end", "time": "Mon Jul 27 11:12:24 2015", "uuid": 33, "method": "GET"}, "589": {"path": "/after_questions", "time": "Mon Jul 27 11:12:57 2015", "method": "POST", "uuid": 33}, "590": {"path": "/after_questions", "time": "Mon Jul 27 11:12:58 2015", "uuid": 33, "method": "POST"}, "591": {"path": "/stations", "time": "Mon Jul 27 11:13:00 2015", "method": "GET", "uuid": 33}, "592": {"path": "/after_questions", "time": "Mon Jul 27 11:15:23 2015", "uuid": 33, "method": "GET"}, "593": {"path": "/after_questions", "time": "Mon Jul 27 11:15:32 2015", "method": "POST", "uuid": 33}, "594": {"path": "/after_questions", "time": "Mon Jul 27 11:15:32 2015", "uuid": 33, "method": "POST"}, "595": {"path": "/end", "time": "Mon Jul 27 11:15:33 2015", "method": "GET", "uuid": 33}, "596": {"path": "/end", "time": "Mon Jul 27 11:15:34 2015", "uuid": 33, "method": "GET"}, "597": {"path": "/end", "time": "Mon Jul 27 11:19:12 2015", "method": "GET", "uuid": 33}, "598": {"path": "/end", "time": "Mon Jul 27 11:19:40 2015", "uuid": 33, "method": "GET"}, "599": {"path": "/end", "time": "Mon Jul 27 11:19:44 2015", "method": "GET", "uuid": 33}, "600": {"path": "/end", "time": "Mon Jul 27 11:19:46 2015", "uuid": 33, "method": "GET"}, "601": {"path": "/", "time": "Mon Jul 27 11:19:52 2015", "method": "GET", "uuid": ""}, "602": {"path": "/", "time": "Mon Jul 27 11:19:57 2015", "uuid": 34, "method": "POST"}, "603": {"path": "/questions", "time": "Mon Jul 27 11:19:57 2015", "method": "GET", "uuid": 34}, "604": {"path": "/questions", "time": "Mon Jul 27 11:20:03 2015", "uuid": 34, "method": "POST"}, "605": {"path": "/instructions", "time": "Mon Jul 27 11:20:04 2015", "method": "GET", "uuid": 34}, "606": {"path": "/instructions", "time": "Mon Jul 27 11:20:08 2015", "uuid": 34, "method": "POST"}, "607": {"path": "/stations_learn", "time": "Mon Jul 27 11:20:09 2015", "method": "GET", "uuid": 34}, "608": {"path": "/end", "time": "Mon Jul 27 11:20:19 2015", "uuid": 34, "method": "GET"}, "609": {"path": "/after_learn", "time": "Mon Jul 27 11:37:47 2015", "method": "GET", "uuid": 34}, "610": {"path": "/end", "time": "Mon Jul 27 11:57:54 2015", "uuid": 34, "method": "GET"}, "611": {"path": "/", "time": "Mon Jul 27 11:58:03 2015", "method": "GET", "uuid": ""}, "612": {"path": "/end", "time": "Mon Jul 27 11:58:06 2015", "uuid": 34, "method": "GET"}, "613": {"path": "/end", "time": "Mon Jul 27 11:58:36 2015", "method": "GET", "uuid": 34}, "614": {"path": "/", "time": "Mon Jul 27 11:58:50 2015", "uuid": "", "method": "GET"}, "615": {"path": "/", "time": "Mon Jul 27 11:58:54 2015", "method": "POST", "uuid": 35}, "616": {"path": "/questions", "time": "Mon Jul 27 11:58:55 2015", "uuid": 35, "method": "GET"}, "617": {"path": "/questions", "time": "Mon Jul 27 11:59:01 2015", "method": "POST", "uuid": 35}, "618": {"path": "/instructions", "time": "Mon Jul 27 11:59:02 2015", "uuid": 35, "method": "GET"}, "619": {"path": "/instructions", "time": "Mon Jul 27 11:59:07 2015", "method": "POST", "uuid": 35}, "620": {"path": "/stations_learn", "time": "Mon Jul 27 11:59:07 2015", "uuid": 35, "method": "GET"}, "621": {"path": "/end", "time": "Mon Jul 27 11:59:14 2015", "method": "GET", "uuid": 35}, "622": {"path": "/end", "time": "Mon Jul 27 11:59:57 2015", "uuid": 35, "method": "GET"}, "623": {"path": "/end", "time": "Mon Jul 27 12:00:06 2015", "method": "GET", "uuid": 35}, "624": {"path": "/", "time": "Mon Jul 27 12:31:46 2015", "uuid": "", "method": "GET"}, "625": {"path": "/", "time": "Mon Jul 27 12:31:49 2015", "method": "POST", "uuid": 36}, "626": {"path": "/questions", "time": "Mon Jul 27 12:31:50 2015", "uuid": 36, "method": "GET"}, "627": {"path": "/after_learn", "time": "Mon Jul 27 12:32:00 2015", "method": "GET", "uuid": 36}, "628": {"path": "/after_learn", "time": "Mon Jul 27 12:32:34 2015", "uuid": 36, "method": "GET"}, "629": {"path": "/after_learn", "time": "Mon Jul 27 12:33:13 2015", "method": "GET", "uuid": 36}, "630": {"path": "/after_learn", "time": "Mon Jul 27 12:34:13 2015", "uuid": 36, "method": "GET"}}, "_default": {}}