{"_default": {}, "Events": {"1": {"browserTime": 1437919409272, "secondsLeft": 227, "group": 1, "station 0 health": 0, "turkNickName": "123456", "userID": 31, "serverTime": 1437919409.284129, "station 1 health": 0, "serverTime_acs": "Sun Jul 26 17:03:29 2015", "stationEvent": {"function": "serverConnect"}, "stationNumber": -2, "score": 140, "learnMode": false, "stageNumber": 1}, "2": {"browserTime": 1437919409280, "secondsLeft": 227, "group": 1, "station 0 health": 0, "turkNickName": "123456", "userID": 31, "serverTime": 1437919409.302953, "station 1 health": 0, "serverTime_acs": "Sun Jul 26 17:03:29 2015", "stationEvent": {"function": "joinedRoom"}, "stationNumber": "-2", "score": 140, "learnMode": false, "stageNumber": 1}, "3": {"browserTime": 1437919409337, "secondsLeft": 227, "group": 1, "station 0 health": 0, "turkNickName": "123456", "userID": 31, "serverTime": 1437919409.344247, "station 1 health": 0, "serverTime_acs": "Sun Jul 26 17:03:29 2015", "stationEvent": {"function": "message received", "data": {"device": 2, "text": "msg", "uid": "123456"}}, "stationNumber": "-2", "score": 140, "learnMode": false, "stageNumber": 1}, "4": {"browserTime": 1437919409339, "secondsLeft": 227, "group": 1, "station 0 health": 0, "turkNickName": "123456", "userID": 31, "serverTime": 1437919409.367641, "station 1 health": 0, "serverTime_acs": "Sun Jul 26 17:03:29 2015", "stationEvent": {"function": "message received", "data": {"device": 2, "uid": "123456", "setHeader": "<h3>PetMobile Msnger</h3>"}}, "stationNumber": "-2", "score": 140, "learnMode": false, "stageNumber": 1}, "5": {"browserTime": 1437919436295, "secondsLeft": 225, "group": 1, "station 0 health": 0, "turkNickName": "123456", "userID": 31, "serverTime": 1437919436.319974, "station 1 health": 0, "serverTime_acs": "Sun Jul 26 17:03:56 2015", "stationEvent": {"function": "in notify", "device": 2, "uid": "123456", "notify": {"swipesyDuration": 10000, "full": "Lunch special today on Hamburger", "missed": "Missed: Cafeteria", "created": 1437919436294, "group_number": 1, "previewButton": "Show: ", "value": 0, "swipesyCount": 3, "messageButton": "Done:", "swipesy": 3, "messageHeader": "Message:", "duration": 600000, "ring": "Incoming", "preview": "Incoming:Cafeteria", "time": 219996, "ringDuration": 30000}}, "stationNumber": -1, "score": 140, "learnMode": false, "stageNumber": 1}, "6": {"browserTime": 1437919436314, "secondsLeft": 224, "group": 1, "station 0 health": 0, "turkNickName": "123456", "userID": 31, "serverTime": 1437919436.357064, "station 1 health": 0, "serverTime_acs": "Sun Jul 26 17:03:56 2015", "stationEvent": {"function": "message received", "data": {"device": 2, "notify": {"swipesyDuration": 10000, "full": "Lunch special today on Hamburger", "missed": "Missed: Cafeteria", "created": 1437919436294, "group_number": 1, "previewButton": "Show: ", "value": 0, "messageButton": "Done:", "swipesy": 3, "messageHeader": "Message:", "duration": 600000, "preview": "Incoming:Cafeteria", "ring": "Incoming", "swipesyCount": 3, "time": 219996, "ringDuration": 30000}, "uid": "123456"}}, "stationNumber": "-2", "score": 140, "learnMode": false, "stageNumber": 1}, "7": {"browserTime": 1437919449280, "secondsLeft": 223, "group": 1, "station 0 health": 0, "turkNickName": "123456", "userID": 31, "serverTime": 1437919449.294234, "station 1 health": 0, "serverTime_acs": "Sun Jul 26 17:04:09 2015", "stationEvent": {"function": "serverConnect"}, "stationNumber": -2, "score": 140, "learnMode": false, "stageNumber": 1}, "8": {"browserTime": 1437919449289, "secondsLeft": 223, "group": 1, "station 0 health": 0, "turkNickName": "123456", "userID": 31, "serverTime": 1437919449.358961, "station 1 health": 0, "serverTime_acs": "Sun Jul 26 17:04:09 2015", "stationEvent": {"function": "joinedRoom"}, "stationNumber": "-2", "score": 140, "learnMode": false, "stageNumber": 1}, "9": {"browserTime": 1437919449425, "secondsLeft": 223, "group": 1, "station 0 health": 0, "turkNickName": "123456", "userID": 31, "serverTime": 1437919449.432052, "station 1 health": 0, "serverTime_acs": "Sun Jul 26 17:04:09 2015", "stationEvent": {"function": "message received", "data": {"device": 2, "text": "msg", "uid": "123456"}}, "stationNumber": "-2", "score": 140, "learnMode": false, "stageNumber": 1}, "10": {"browserTime": 1437919449426, "secondsLeft": 223, "group": 1, "station 0 health": 0, "turkNickName": "123456", "userID": 31, "serverTime": 1437919449.482508, "station 1 health": 0, "serverTime_acs": "Sun Jul 26 17:04:09 2015", "stationEvent": {"function": "message received", "data": {"device": 2, "uid": "123456", "setHeader": "<h3>PetMobile Msnger</h3>"}}, "stationNumber": "-2", "score": 140, "learnMode": false, "stageNumber": 1}, "11": {"browserTime": 1437919453456, "secondsLeft": 222, "group": 1, "station 0 health": 0, "turkNickName": "123456", "userID": 31, "serverTime": 1437919453.464244, "station 1 health": 0, "serverTime_acs": "Sun Jul 26 17:04:13 2015", "stationEvent": "show", "stationNumber": "Pet 2", "score": 139, "learnMode": false, "stageNumber": 1}, "12": {"browserTime": 1437919453944, "secondsLeft": 221, "group": 1, "station 0 health": 0, "turkNickName": "123456", "userID": 31, "serverTime": 1437919453.950193, "station 1 health": 100, "serverTime_acs": "Sun Jul 26 17:04:13 2015", "stationEvent": "heal", "stationNumber": "Pet 2", "score": 135, "learnMode": false, "stageNumber": 1}, "13": {"browserTime": 1437919453945, "secondsLeft": 221, "group": 1, "station 0 health": 0, "turkNickName": "123456", "userID": 31, "serverTime": 1437919454.009865, "station 1 health": 100, "serverTime_acs": "Sun Jul 26 17:04:14 2015", "stationEvent": "hide", "stationNumber": "Pet 2", "score": 135, "learnMode": false, "stageNumber": 1}, "14": {"browserTime": 1437919454569, "secondsLeft": 221, "group": 1, "station 0 health": 0, "turkNickName": "123456", "userID": 31, "serverTime": 1437919454.57673, "station 1 health": 100, "serverTime_acs": "Sun Jul 26 17:04:14 2015", "stationEvent": "show", "stationNumber": "Pet 1", "score": 134, "learnMode": false, "stageNumber": 1}, "15": {"browserTime": 1437919455288, "secondsLeft": 220, "group": 1, "station 0 health": 100, "turkNickName": "123456", "userID": 31, "serverTime": 1437919455.298122, "station 1 health": 99, "serverTime_acs": "Sun Jul 26 17:04:15 2015", "stationEvent": "heal", "stationNumber": "Pet 1", "score": 130, "learnMode": false, "stageNumber": 1}, "16": {"browserTime": 1437919455289, "secondsLeft": 220, "group": 1, "station 0 health": 100, "turkNickName": "123456", "userID": 31, "serverTime": 1437919455.372462, "station 1 health": 99, "serverTime_acs": "Sun Jul 26 17:04:15 2015", "stationEvent": "hide", "stationNumber": "Pet 1", "score": 130, "learnMode": false, "stageNumber": 1}, "17": {"browserTime": 1437919461174, "secondsLeft": 218, "group": 1, "station 0 health": 92, "turkNickName": "123456", "userID": 31, "serverTime": 1437919461.196389, "station 1 health": 90, "serverTime_acs": "Sun Jul 26 17:04:21 2015", "stationEvent": {"function": "in notify", "device": 2, "uid": "123456", "notify": {"swipesyDuration": 10000, "full": "Lunch special today on Hamburger", "missed": "Missed: Cafeteria", "created": 1437919461174, "group_number": 1, "previewButton": "Show: ", "value": 0, "swipesyCount": 3, "messageButton": "Done:", "swipesy": 3, "messageHeader": "Message:", "duration": 600000, "ring": "Incoming", "preview": "Incoming:Cafeteria", "time": 241418, "ringDuration": 30000}}, "stationNumber": -1, "score": 140, "learnMode": false, "stageNumber": 1}, "18": {"browserTime": 1437919461189, "secondsLeft": 217, "group": 1, "station 0 health": 90, "turkNickName": "123456", "userID": 31, "serverTime": 1437919461.274327, "station 1 health": 89, "serverTime_acs": "Sun Jul 26 17:04:21 2015", "stationEvent": {"function": "message received", "data": {"device": 2, "notify": {"swipesyDuration": 10000, "full": "Lunch special today on Hamburger", "missed": "Missed: Cafeteria", "created": 1437919461174, "group_number": 1, "previewButton": "Show: ", "value": 0, "messageButton": "Done:", "swipesy": 3, "messageHeader": "Message:", "duration": 600000, "preview": "Incoming:Cafeteria", "ring": "Incoming", "swipesyCount": 3, "time": 241418, "ringDuration": 30000}, "uid": "123456"}}, "stationNumber": "-2", "score": 145, "learnMode": false, "stageNumber": 1}, "19": {"browserTime": 1437919476337, "secondsLeft": 216, "group": 1, "station 0 health": 88, "turkNickName": "123456", "userID": 31, "serverTime": 1437919476.350161, "station 1 health": 88, "serverTime_acs": "Sun Jul 26 17:04:36 2015", "stationEvent": {"function": "serverConnect"}, "stationNumber": -2, "score": 150, "learnMode": false, "stageNumber": 1}, "20": {"browserTime": 1437919476345, "secondsLeft": 216, "group": 1, "station 0 health": 88, "turkNickName": "123456", "userID": 31, "serverTime": 1437919476.432861, "station 1 health": 88, "serverTime_acs": "Sun Jul 26 17:04:36 2015", "stationEvent": {"function": "joinedRoom"}, "stationNumber": "-2", "score": 150, "learnMode": false, "stageNumber": 1}, "21": {"browserTime": 1437919476539, "secondsLeft": 216, "group": 1, "station 0 health": 88, "turkNickName": "123456", "userID": 31, "serverTime": 1437919476.547234, "station 1 health": 88, "serverTime_acs": "Sun Jul 26 17:04:36 2015", "stationEvent": {"function": "message received", "data": {"device": 2, "text": "msg", "uid": "123456"}}, "stationNumber": "-2", "score": 150, "learnMode": false, "stageNumber": 1}, "22": {"browserTime": 1437919476541, "secondsLeft": 216, "group": 1, "station 0 health": 88, "turkNickName": "123456", "userID": 31, "serverTime": 1437919476.640736, "station 1 health": 88, "serverTime_acs": "Sun Jul 26 17:04:36 2015", "stationEvent": {"function": "message received", "data": {"device": 2, "uid": "123456", "setHeader": "<h3>PetMobile Msnger</h3>"}}, "stationNumber": "-2", "score": 150, "learnMode": false, "stageNumber": 1}, "23": {"browserTime": 1437919491224, "secondsLeft": 215, "group": 1, "station 0 health": 0, "turkNickName": "123456", "userID": 31, "serverTime": 1437919491.250123, "station 1 health": 86, "serverTime_acs": "Sun Jul 26 17:04:51 2015", "stationEvent": {"function": "in notify", "device": 2, "uid": "123456", "notify": {"swipesyDuration": 10000, "full": "Pet 1 needs help. get to it.", "missed": "Missed: Nurse", "created": 1437919491224, "group_number": 1, "previewButton": "Show: ", "value": 1, "swipesyCount": 3, "messageButton": "Done:", "swipesy": 3, "messageHeader": "Message:", "duration": 600000, "ring": "Incoming", "preview": "Incoming:Nurse", "time": 272938, "ringDuration": 30000}}, "stationNumber": -1, "score": 155, "learnMode": false, "stageNumber": 1}, "24": {"browserTime": 1437919491243, "secondsLeft": 214, "group": 1, "station 0 health": 0, "turkNickName": "123456", "userID": 31, "serverTime": 1437919491.545363, "station 1 health": 85, "serverTime_acs": "Sun Jul 26 17:04:51 2015", "stationEvent": {"function": "message received", "data": {"device": 2, "notify": {"swipesyDuration": 10000, "full": "Pet 1 needs help. get to it.", "missed": "Missed: Nurse", "created": 1437919491224, "group_number": 1, "previewButton": "Show: ", "value": 1, "messageButton": "Done:", "swipesy": 3, "messageHeader": "Message:", "duration": 600000, "preview": "Incoming:Nurse", "ring": "Incoming", "swipesyCount": 3, "time": 272938, "ringDuration": 30000}, "uid": "123456"}}, "stationNumber": "-2", "score": 155, "learnMode": false, "stageNumber": 1}, "25": {"browserTime": 1437919504126, "secondsLeft": 213, "group": 1, "station 0 health": 0, "turkNickName": "123456", "userID": 31, "serverTime": 1437919504.143074, "station 1 health": 79, "serverTime_acs": "Sun Jul 26 17:05:04 2015", "stationEvent": {"function": "serverConnect"}, "stationNumber": -2, "score": 155, "learnMode": false, "stageNumber": 1}, "26": {"browserTime": 1437919504316, "secondsLeft": 213, "group": 1, "station 0 health": 0, "turkNickName": "123456", "userID": 31, "serverTime": 1437919504.330486, "station 1 health": 79, "serverTime_acs": "Sun Jul 26 17:05:04 2015", "stationEvent": {"function": "joinedRoom"}, "stationNumber": "-2", "score": 155, "learnMode": false, "stageNumber": 1}, "27": {"browserTime": 1437919504325, "secondsLeft": 213, "group": 1, "station 0 health": 0, "turkNickName": "123456", "userID": 31, "serverTime": 1437919504.463589, "station 1 health": 79, "serverTime_acs": "Sun Jul 26 17:05:04 2015", "stationEvent": {"function": "message received", "data": {"device": 2, "text": "msg", "uid": "123456"}}, "stationNumber": "-2", "score": 155, "learnMode": false, "stageNumber": 1}, "28": {"browserTime": 1437919504459, "secondsLeft": 213, "group": 1, "station 0 health": 0, "turkNickName": "123456", "userID": 31, "serverTime": 1437919504.595291, "station 1 health": 79, "serverTime_acs": "Sun Jul 26 17:05:04 2015", "stationEvent": {"function": "message received", "data": {"device": 2, "uid": "123456", "setHeader": "<h3>PetMobile Msnger</h3>"}}, "stationNumber": "-2", "score": 155, "learnMode": false, "stageNumber": 1}, "29": {"browserTime": 1437919875262, "secondsLeft": 132, "group": 1, "station 0 health": 0, "turkNickName": "123456", "userID": 31, "serverTime": 1437919875.280341, "station 1 health": 0, "serverTime_acs": "Sun Jul 26 17:11:15 2015", "stationEvent": {"function": "serverConnect"}, "stationNumber": -2, "score": 155, "learnMode": false, "stageNumber": 1}, "30": {"browserTime": 1437919875271, "secondsLeft": 132, "group": 1, "station 0 health": 0, "turkNickName": "123456", "userID": 31, "serverTime": 1437919875.461432, "station 1 health": 0, "serverTime_acs": "Sun Jul 26 17:11:15 2015", "stationEvent": {"function": "joinedRoom"}, "stationNumber": "-2", "score": 155, "learnMode": false, "stageNumber": 1}, "31": {"browserTime": 1437919875672, "secondsLeft": 132, "group": 1, "station 0 health": 0, "turkNickName": "123456", "userID": 31, "serverTime": 1437919875.679, "station 1 health": 0, "serverTime_acs": "Sun Jul 26 17:11:15 2015", "stationEvent": {"function": "message received", "data": {"device": 2, "text": "msg", "uid": "123456"}}, "stationNumber": "-2", "score": 155, "learnMode": false, "stageNumber": 1}, "32": {"browserTime": 1437919875673, "secondsLeft": 132, "group": 1, "station 0 health": 0, "turkNickName": "123456", "userID": 31, "serverTime": 1437919875.822165, "station 1 health": 0, "serverTime_acs": "Sun Jul 26 17:11:15 2015", "stationEvent": {"function": "message received", "data": {"device": 2, "uid": "123456", "setHeader": "<h3>PetMobile Msnger</h3>"}}, "stationNumber": "-2", "score": 155, "learnMode": false, "stageNumber": 1}, "33": {"browserTime": 1437919878038, "secondsLeft": 129, "group": 1, "station 0 health": 0, "turkNickName": "123456", "userID": 31, "serverTime": 1437919878.046076, "station 1 health": 0, "serverTime_acs": "Sun Jul 26 17:11:18 2015", "stationEvent": "show", "stationNumber": "Pet 1", "score": 154, "learnMode": false, "stageNumber": 1}, "34": {"browserTime": 1437919878959, "secondsLeft": 129, "group": 1, "station 0 health": 100, "turkNickName": "123456", "userID": 31, "serverTime": 1437919878.967739, "station 1 health": 0, "serverTime_acs": "Sun Jul 26 17:11:18 2015", "stationEvent": "heal", "stationNumber": "Pet 1", "score": 150, "learnMode": false, "stageNumber": 1}, "35": {"browserTime": 1437919878960, "secondsLeft": 129, "group": 1, "station 0 health": 100, "turkNickName": "123456", "userID": 31, "serverTime": 1437919879.110922, "station 1 health": 0, "serverTime_acs": "Sun Jul 26 17:11:19 2015", "stationEvent": "hide", "stationNumber": "Pet 1", "score": 150, "learnMode": false, "stageNumber": 1}, "36": {"browserTime": 1437919879753, "secondsLeft": 128, "group": 1, "station 0 health": 99, "turkNickName": "123456", "userID": 31, "serverTime": 1437919879.761587, "station 1 health": 0, "serverTime_acs": "Sun Jul 26 17:11:19 2015", "stationEvent": "show", "stationNumber": "Pet 2", "score": 149, "learnMode": false, "stageNumber": 1}, "37": {"browserTime": 1437919880407, "secondsLeft": 127, "group": 1, "station 0 health": 100, "turkNickName": "123456", "userID": 31, "serverTime": 1437919880.415545, "station 1 health": 100, "serverTime_acs": "Sun Jul 26 17:11:20 2015", "stationEvent": "heal", "stationNumber": "Pet 2", "score": 145, "learnMode": false, "stageNumber": 1}, "38": {"browserTime": 1437919880409, "secondsLeft": 127, "group": 1, "station 0 health": 100, "turkNickName": "123456", "userID": 31, "serverTime": 1437919880.558442, "station 1 health": 100, "serverTime_acs": "Sun Jul 26 17:11:20 2015", "stationEvent": "hide", "stationNumber": "Pet 2", "score": 145, "learnMode": false, "stageNumber": 1}, "39": {"browserTime": 1437919959093, "secondsLeft": 30, "group": 1, "station 0 health": 100, "turkNickName": "123456", "userID": 31, "serverTime": 1437919959.107622, "station 1 health": 100, "serverTime_acs": "Sun Jul 26 17:12:39 2015", "stationEvent": {"function": "serverConnect"}, "stationNumber": -2, "score": 0, "learnMode": false, "stageNumber": 1}, "40": {"browserTime": 1437919959103, "secondsLeft": 30, "group": 1, "station 0 health": 100, "turkNickName": "123456", "userID": 31, "serverTime": 1437919959.257499, "station 1 health": 100, "serverTime_acs": "Sun Jul 26 17:12:39 2015", "stationEvent": {"function": "joinedRoom"}, "stationNumber": "-2", "score": 0, "learnMode": false, "stageNumber": 1}, "41": {"browserTime": 1437919959441, "secondsLeft": 30, "group": 1, "station 0 health": 100, "turkNickName": "123456", "userID": 31, "serverTime": 1437919959.449838, "station 1 health": 100, "serverTime_acs": "Sun Jul 26 17:12:39 2015", "stationEvent": {"function": "message received", "data": {"device": 2, "text": "msg", "uid": "123456"}}, "stationNumber": "-2", "score": 0, "learnMode": false, "stageNumber": 1}, "42": {"browserTime": 1437919959443, "secondsLeft": 30, "group": 1, "station 0 health": 100, "turkNickName": "123456", "userID": 31, "serverTime": 1437919959.607316, "station 1 health": 100, "serverTime_acs": "Sun Jul 26 17:12:39 2015", "stationEvent": {"function": "message received", "data": {"device": 2, "uid": "123456", "setHeader": "<h3>PetMobile Msnger</h3>"}}, "stationNumber": "-2", "score": 0, "learnMode": false, "stageNumber": 1}, "43": {"browserTime": 1437919995281, "secondsLeft": 293, "group": 1, "station 0 health": 0, "turkNickName": "123456", "userID": 31, "serverTime": 1437919995.298008, "station 1 health": 62, "serverTime_acs": "Sun Jul 26 17:13:15 2015", "stationEvent": {"function": "in notify", "device": 2, "uid": "123456", "notify": {"swipesyDuration": 10000, "full": "Pet 1 needs help. get to it.", "missed": "Missed: Nurse", "created": 1437919995281, "group_number": 1, "previewButton": "Show: ", "value": 1, "swipesyCount": 3, "messageButton": "Done:", "swipesy": 3, "messageHeader": "Message:", "duration": 600000, "ring": "Incoming", "preview": "Incoming:Nurse", "time": 34944, "ringDuration": 30000}}, "stationNumber": -1, "score": 35, "learnMode": false, "stageNumber": 1}, "44": {"browserTime": 1437919995294, "secondsLeft": 292, "group": 1, "station 0 health": 0, "turkNickName": "123456", "userID": 31, "serverTime": 1437919995.454612, "station 1 health": 57, "serverTime_acs": "Sun Jul 26 17:13:15 2015", "stationEvent": {"function": "message received", "data": {"device": 2, "notify": {"swipesyDuration": 10000, "full": "Pet 1 needs help. get to it.", "missed": "Missed: Nurse", "created": 1437919995281, "group_number": 1, "previewButton": "Show: ", "value": 1, "messageButton": "Done:", "swipesy": 3, "messageHeader": "Message:", "duration": 600000, "preview": "Incoming:Nurse", "ring": "Incoming", "swipesyCount": 3, "time": 34944, "ringDuration": 30000}, "uid": "123456"}}, "stationNumber": "-2", "score": 35, "learnMode": false, "stageNumber": 1}, "45": {"browserTime": 1437920025264, "secondsLeft": 290, "group": 1, "station 0 health": 0, "turkNickName": "123456", "userID": 31, "serverTime": 1437920025.303182, "station 1 health": 45, "serverTime_acs": "Sun Jul 26 17:13:45 2015", "stationEvent": {"function": "in notify", "device": 2, "uid": "123456", "notify": {"swipesyDuration": 10000, "full": "Lunch special today on Hamburger", "missed": "Missed: Cafeteria", "created": 1437920025264, "group_number": 1, "previewButton": "Show: ", "value": 0, "swipesyCount": 3, "messageButton": "Done:", "swipesy": 3, "messageHeader": "Message:", "duration": 600000, "ring": "Incoming", "preview": "Incoming:Cafeteria", "time": 61565, "ringDuration": 30000}}, "stationNumber": -1, "score": 35, "learnMode": false, "stageNumber": 1}, "46": {"browserTime": 1437920025295, "secondsLeft": 289, "group": 1, "station 0 health": 0, "turkNickName": "123456", "userID": 31, "serverTime": 1437920025.725761, "station 1 health": 39, "serverTime_acs": "Sun Jul 26 17:13:45 2015", "stationEvent": {"function": "message received", "data": {"device": 2, "notify": {"swipesyDuration": 10000, "full": "Lunch special today on Hamburger", "missed": "Missed: Cafeteria", "created": 1437920025264, "group_number": 1, "previewButton": "Show: ", "value": 0, "messageButton": "Done:", "swipesy": 3, "messageHeader": "Message:", "duration": 600000, "preview": "Incoming:Cafeteria", "ring": "Incoming", "swipesyCount": 3, "time": 61565, "ringDuration": 30000}, "uid": "123456"}}, "stationNumber": "-2", "score": 35, "learnMode": false, "stageNumber": 1}, "47": {"browserTime": 1437920032285, "secondsLeft": 289, "group": 1, "station 0 health": 0, "turkNickName": "123456", "userID": 31, "serverTime": 1437920032.298408, "station 1 health": 39, "serverTime_acs": "Sun Jul 26 17:13:52 2015", "stationEvent": {"function": "serverConnect"}, "stationNumber": -2, "score": 35, "learnMode": false, "stageNumber": 1}, "48": {"browserTime": 1437920032293, "secondsLeft": 289, "group": 1, "station 0 health": 0, "turkNickName": "123456", "userID": 31, "serverTime": 1437920032.493053, "station 1 health": 39, "serverTime_acs": "Sun Jul 26 17:13:52 2015", "stationEvent": {"function": "joinedRoom"}, "stationNumber": "-2", "score": 35, "learnMode": false, "stageNumber": 1}, "49": {"browserTime": 1437920032729, "secondsLeft": 289, "group": 1, "station 0 health": 0, "turkNickName": "123456", "userID": 31, "serverTime": 1437920032.736669, "station 1 health": 39, "serverTime_acs": "Sun Jul 26 17:13:52 2015", "stationEvent": {"function": "message received", "data": {"device": 2, "text": "msg", "uid": "123456"}}, "stationNumber": "-2", "score": 35, "learnMode": false, "stageNumber": 1}, "50": {"browserTime": 1437920032731, "secondsLeft": 289, "group": 1, "station 0 health": 0, "turkNickName": "123456", "userID": 31, "serverTime": 1437920032.954162, "station 1 health": 39, "serverTime_acs": "Sun Jul 26 17:13:52 2015", "stationEvent": {"function": "message received", "data": {"device": 2, "uid": "123456", "setHeader": "<h3>PetMobile Msnger</h3>"}}, "stationNumber": "-2", "score": 35, "learnMode": false, "stageNumber": 1}, "51": {"browserTime": 1437920053949, "secondsLeft": 285, "group": 1, "station 0 health": 0, "turkNickName": "123456", "userID": 31, "serverTime": 1437920053.968547, "station 1 health": 0, "serverTime_acs": "Sun Jul 26 17:14:13 2015", "stationEvent": {"function": "in notify", "device": 2, "uid": "123456", "notify": {"swipesyDuration": 10000, "full": "Pet 2 needs help. get to it.", "missed": "Missed: Nurse", "created": 1437920053949, "group_number": 1, "previewButton": "Show: ", "value": 1, "swipesyCount": 3, "messageButton": "Done:", "swipesy": 3, "messageHeader": "Message:", "duration": 600000, "ring": "Incoming", "preview": "Incoming:Nurse", "time": 90225, "ringDuration": 30000}}, "stationNumber": -1, "score": 35, "learnMode": false, "stageNumber": 1}, "52": {"browserTime": 1437920053963, "secondsLeft": 284, "group": 1, "station 0 health": 0, "turkNickName": "123456", "userID": 31, "serverTime": 1437920054.185354, "station 1 health": 0, "serverTime_acs": "Sun Jul 26 17:14:14 2015", "stationEvent": {"function": "message received", "data": {"device": 2, "notify": {"swipesyDuration": 10000, "full": "Pet 2 needs help. get to it.", "missed": "Missed: Nurse", "created": 1437920053949, "group_number": 1, "previewButton": "Show: ", "value": 1, "messageButton": "Done:", "swipesy": 3, "messageHeader": "Message:", "duration": 600000, "preview": "Incoming:Nurse", "ring": "Incoming", "swipesyCount": 3, "time": 90225, "ringDuration": 30000}, "uid": "123456"}}, "stationNumber": "-2", "score": 35, "learnMode": false, "stageNumber": 1}, "53": {"browserTime": 1437920058531, "secondsLeft": 282, "group": 1, "station 0 health": 0, "turkNickName": "123456", "userID": 31, "serverTime": 1437920058.539355, "station 1 health": 0, "serverTime_acs": "Sun Jul 26 17:14:18 2015", "stationEvent": "show", "stationNumber": "Pet 1", "score": 34, "learnMode": false, "stageNumber": 1}, "54": {"browserTime": 1437920059177, "secondsLeft": 282, "group": 1, "station 0 health": 100, "turkNickName": "123456", "userID": 31, "serverTime": 1437920059.185229, "station 1 health": 0, "serverTime_acs": "Sun Jul 26 17:14:19 2015", "stationEvent": "heal", "stationNumber": "Pet 1", "score": 30, "learnMode": false, "stageNumber": 1}, "55": {"browserTime": 1437920059178, "secondsLeft": 282, "group": 1, "station 0 health": 100, "turkNickName": "123456", "userID": 31, "serverTime": 1437920059.413571, "station 1 health": 0, "serverTime_acs": "Sun Jul 26 17:14:19 2015", "stationEvent": "hide", "stationNumber": "Pet 1", "score": 30, "learnMode": false, "stageNumber": 1}, "56": {"browserTime": 1437920059696, "secondsLeft": 281, "group": 1, "station 0 health": 96, "turkNickName": "123456", "userID": 31, "serverTime": 1437920059.703735, "station 1 health": 0, "serverTime_acs": "Sun Jul 26 17:14:19 2015", "stationEvent": "show", "stationNumber": "Pet 2", "score": 29, "learnMode": false, "stageNumber": 1}, "57": {"browserTime": 1437920060209, "secondsLeft": 281, "group": 1, "station 0 health": 96, "turkNickName": "123456", "userID": 31, "serverTime": 1437920060.21668, "station 1 health": 100, "serverTime_acs": "Sun Jul 26 17:14:20 2015", "stationEvent": "heal", "stationNumber": "Pet 2", "score": 25, "learnMode": false, "stageNumber": 1}, "58": {"browserTime": 1437920060210, "secondsLeft": 281, "group": 1, "station 0 health": 96, "turkNickName": "123456", "userID": 31, "serverTime": 1437920060.444028, "station 1 health": 100, "serverTime_acs": "Sun Jul 26 17:14:20 2015", "stationEvent": "hide", "stationNumber": "Pet 2", "score": 25, "learnMode": false, "stageNumber": 1}, "59": {"browserTime": 1437920093278, "secondsLeft": 261, "group": 1, "station 0 health": 47, "turkNickName": "123456", "userID": 31, "serverTime": 1437920093.298894, "station 1 health": 38, "serverTime_acs": "Sun Jul 26 17:14:53 2015", "stationEvent": {"function": "in notify", "device": 2, "uid": "123456", "notify": {"swipesyDuration": 10000, "full": "Lunch special today on Hamburger", "missed": "Missed: Cafeteria", "created": 1437920093278, "group_number": 1, "previewButton": "Show: ", "value": 0, "swipesyCount": 3, "messageButton": "Done:", "swipesy": 3, "messageHeader": "Message:", "duration": 600000, "ring": "Incoming", "preview": "Incoming:Cafeteria", "time": 126138, "ringDuration": 30000}}, "stationNumber": -1, "score": 125, "learnMode": false, "stageNumber": 1}, "60": {"browserTime": 1437920093294, "secondsLeft": 260, "group": 1, "station 0 health": 48, "turkNickName": "123456", "userID": 31, "serverTime": 1437920093.550184, "station 1 health": 32, "serverTime_acs": "Sun Jul 26 17:14:53 2015", "stationEvent": {"function": "message received", "data": {"device": 2, "notify": {"swipesyDuration": 10000, "full": "Lunch special today on Hamburger", "missed": "Missed: Cafeteria", "created": 1437920093278, "group_number": 1, "previewButton": "Show: ", "value": 0, "messageButton": "Done:", "swipesy": 3, "messageHeader": "Message:", "duration": 600000, "preview": "Incoming:Cafeteria", "ring": "Incoming", "swipesyCount": 3, "time": 126138, "ringDuration": 30000}, "uid": "123456"}}, "stationNumber": "-2", "score": 130, "learnMode": false, "stageNumber": 1}, "61": {"browserTime": 1437920123270, "secondsLeft": 258, "group": 1, "station 0 health": 45, "turkNickName": "123456", "userID": 31, "serverTime": 1437920123.288623, "station 1 health": 20, "serverTime_acs": "Sun Jul 26 17:15:23 2015", "stationEvent": {"function": "in notify", "device": 2, "uid": "123456", "notify": {"swipesyDuration": 10000, "full": "Lunch special today on Hamburger", "missed": "Missed: Cafeteria", "created": 1437920123269, "group_number": 1, "previewButton": "Show: ", "value": 0, "swipesyCount": 3, "messageButton": "Done:", "swipesy": 3, "messageHeader": "Message:", "duration": 600000, "ring": "Incoming", "preview": "Incoming:Cafeteria", "time": 154224, "ringDuration": 30000}}, "stationNumber": -1, "score": 140, "learnMode": false, "stageNumber": 1}, "62": {"browserTime": 1437920123284, "secondsLeft": 257, "group": 1, "station 0 health": 45, "turkNickName": "123456", "userID": 31, "serverTime": 1437920123.580937, "station 1 health": 18, "serverTime_acs": "Sun Jul 26 17:15:23 2015", "stationEvent": {"function": "message received", "data": {"device": 2, "notify": {"swipesyDuration": 10000, "full": "Lunch special today on Hamburger", "missed": "Missed: Cafeteria", "created": 1437920123269, "group_number": 1, "previewButton": "Show: ", "value": 0, "messageButton": "Done:", "swipesy": 3, "messageHeader": "Message:", "duration": 600000, "preview": "Incoming:Cafeteria", "ring": "Incoming", "swipesyCount": 3, "time": 154224, "ringDuration": 30000}, "uid": "123456"}}, "stationNumber": "-2", "score": 145, "learnMode": false, "stageNumber": 1}, "63": {"browserTime": 1437920143226, "secondsLeft": 256, "group": 1, "station 0 health": 0, "turkNickName": "123456", "userID": 31, "serverTime": 1437920143.250027, "station 1 health": 16, "serverTime_acs": "Sun Jul 26 17:15:43 2015", "stationEvent": {"function": "in notify", "device": 2, "uid": "123456", "notify": {"swipesyDuration": 10000, "full": "Pet 1 needs help. get to it.", "missed": "Missed: Nurse", "created": 1437920143226, "group_number": 1, "previewButton": "Show: ", "value": 1, "swipesyCount": 3, "messageButton": "Done:", "swipesy": 3, "messageHeader": "Message:", "duration": 600000, "ring": "Incoming", "preview": "Incoming:Nurse", "time": 181116, "ringDuration": 30000}}, "stationNumber": -1, "score": 150, "learnMode": false, "stageNumber": 1}, "64": {"browserTime": 1437920143244, "secondsLeft": 255, "group": 1, "station 0 health": 0, "turkNickName": "123456", "userID": 31, "serverTime": 1437920143.516758, "station 1 health": 11, "serverTime_acs": "Sun Jul 26 17:15:43 2015", "stationEvent": {"function": "message received", "data": {"device": 2, "notify": {"swipesyDuration": 10000, "full": "Pet 1 needs help. get to it.", "missed": "Missed: Nurse", "created": 1437920143226, "group_number": 1, "previewButton": "Show: ", "value": 1, "messageButton": "Done:", "swipesy": 3, "messageHeader": "Message:", "duration": 600000, "preview": "Incoming:Nurse", "ring": "Incoming", "swipesyCount": 3, "time": 181116, "ringDuration": 30000}, "uid": "123456"}}, "stationNumber": "-2", "score": 150, "learnMode": false, "stageNumber": 1}, "65": {"browserTime": 1437920158227, "secondsLeft": 254, "group": 1, "station 0 health": 0, "turkNickName": "123456", "userID": 31, "serverTime": 1437920158.266852, "station 1 health": 5, "serverTime_acs": "Sun Jul 26 17:15:58 2015", "stationEvent": {"function": "serverConnect"}, "stationNumber": -2, "score": 150, "learnMode": false, "stageNumber": 1}, "66": {"browserTime": 1437920158256, "secondsLeft": 254, "group": 1, "station 0 health": 0, "turkNickName": "123456", "userID": 31, "serverTime": 1437920158.618552, "station 1 health": 5, "serverTime_acs": "Sun Jul 26 17:15:58 2015", "stationEvent": {"function": "joinedRoom"}, "stationNumber": "-2", "score": 150, "learnMode": false, "stageNumber": 1}, "67": {"browserTime": 1437920158978, "secondsLeft": 254, "group": 1, "station 0 health": 0, "turkNickName": "123456", "userID": 31, "serverTime": 1437920158.986712, "station 1 health": 5, "serverTime_acs": "Sun Jul 26 17:15:58 2015", "stationEvent": {"function": "message received", "data": {"device": 2, "text": "msg", "uid": "123456"}}, "stationNumber": "-2", "score": 150, "learnMode": false, "stageNumber": 1}, "68": {"browserTime": 1437920158981, "secondsLeft": 254, "group": 1, "station 0 health": 0, "turkNickName": "123456", "userID": 31, "serverTime": 1437920159.344183, "station 1 health": 5, "serverTime_acs": "Sun Jul 26 17:15:59 2015", "stationEvent": {"function": "message received", "data": {"device": 2, "uid": "123456", "setHeader": "<h3>PetMobile Msnger</h3>"}}, "stationNumber": "-2", "score": 150, "learnMode": false, "stageNumber": 1}, "69": {"browserTime": 1437920183200, "secondsLeft": 252, "group": 1, "station 0 health": 0, "turkNickName": "123456", "userID": 31, "serverTime": 1437920183.218115, "station 1 health": 0, "serverTime_acs": "Sun Jul 26 17:16:23 2015", "stationEvent": {"function": "in notify", "device": 2, "uid": "123456", "notify": {"swipesyDuration": 10000, "full": "Lunch special today on Hamburger", "missed": "Missed: Cafeteria", "created": 1437920183200, "group_number": 1, "previewButton": "Show: ", "value": 0, "swipesyCount": 3, "messageButton": "Done:", "swipesy": 3, "messageHeader": "Message:", "duration": 600000, "ring": "Incoming", "preview": "Incoming:Cafeteria", "time": 219996, "ringDuration": 30000}}, "stationNumber": -1, "score": 150, "learnMode": false, "stageNumber": 1}, "70": {"browserTime": 1437920183213, "secondsLeft": 251, "group": 1, "station 0 health": 0, "turkNickName": "123456", "userID": 31, "serverTime": 1437920183.528906, "station 1 health": 0, "serverTime_acs": "Sun Jul 26 17:16:23 2015", "stationEvent": {"function": "message received", "data": {"device": 2, "notify": {"swipesyDuration": 10000, "full": "Lunch special today on Hamburger", "missed": "Missed: Cafeteria", "created": 1437920183200, "group_number": 1, "previewButton": "Show: ", "value": 0, "messageButton": "Done:", "swipesy": 3, "messageHeader": "Message:", "duration": 600000, "preview": "Incoming:Cafeteria", "ring": "Incoming", "swipesyCount": 3, "time": 219996, "ringDuration": 30000}, "uid": "123456"}}, "stationNumber": "-2", "score": 150, "learnMode": false, "stageNumber": 1}, "71": {"browserTime": 1437920185999, "secondsLeft": 251, "group": 1, "station 0 health": 0, "turkNickName": "123456", "userID": 31, "serverTime": 1437920186.011075, "station 1 health": 0, "serverTime_acs": "Sun Jul 26 17:16:26 2015", "stationEvent": {"function": "serverConnect"}, "stationNumber": -2, "score": 150, "learnMode": false, "stageNumber": 1}, "72": {"browserTime": 1437920186006, "secondsLeft": 251, "group": 1, "station 0 health": 0, "turkNickName": "123456", "userID": 31, "serverTime": 1437920186.384674, "station 1 health": 0, "serverTime_acs": "Sun Jul 26 17:16:26 2015", "stationEvent": {"function": "joinedRoom"}, "stationNumber": "-2", "score": 150, "learnMode": false, "stageNumber": 1}, "73": {"browserTime": 1437920187357, "secondsLeft": 251, "group": 1, "station 0 health": 0, "turkNickName": "123456", "userID": 31, "serverTime": 1437920187.364456, "station 1 health": 0, "serverTime_acs": "Sun Jul 26 17:16:27 2015", "stationEvent": {"function": "message received", "data": {"device": 2, "text": "msg", "uid": "123456"}}, "stationNumber": "-2", "score": 150, "learnMode": false, "stageNumber": 1}, "74": {"browserTime": 1437920187358, "secondsLeft": 251, "group": 1, "station 0 health": 0, "turkNickName": "123456", "userID": 31, "serverTime": 1437920187.720496, "station 1 health": 0, "serverTime_acs": "Sun Jul 26 17:16:27 2015", "stationEvent": {"function": "message received", "data": {"device": 2, "uid": "123456", "setHeader": "<h3>PetMobile Msnger</h3>"}}, "stationNumber": "-2", "score": 150, "learnMode": false, "stageNumber": 1}, "75": {"browserTime": 1437920203423, "secondsLeft": 250, "group": 1, "station 0 health": 0, "turkNickName": "123456", "userID": 31, "serverTime": 1437920203.442913, "station 1 health": 0, "serverTime_acs": "Sun Jul 26 17:16:43 2015", "stationEvent": {"function": "in notify", "device": 2, "uid": "123456", "notify": {"swipesyDuration": 10000, "full": "Lunch special today on Hamburger", "missed": "Missed: Cafeteria", "created": 1437920203423, "group_number": 1, "previewButton": "Show: ", "value": 0, "swipesyCount": 3, "messageButton": "Done:", "swipesy": 3, "messageHeader": "Message:", "duration": 600000, "ring": "Incoming", "preview": "Incoming:Cafeteria", "time": 241418, "ringDuration": 30000}}, "stationNumber": -1, "score": 150, "learnMode": false, "stageNumber": 1}, "76": {"browserTime": 1437920203439, "secondsLeft": 249, "group": 1, "station 0 health": 0, "turkNickName": "123456", "userID": 31, "serverTime": 1437920203.790373, "station 1 health": 0, "serverTime_acs": "Sun Jul 26 17:16:43 2015", "stationEvent": {"function": "message received", "data": {"device": 2, "notify": {"swipesyDuration": 10000, "full": "Lunch special today on Hamburger", "missed": "Missed: Cafeteria", "created": 1437920203423, "group_number": 1, "previewButton": "Show: ", "value": 0, "messageButton": "Done:", "swipesy": 3, "messageHeader": "Message:", "duration": 600000, "preview": "Incoming:Cafeteria", "ring": "Incoming", "swipesyCount": 3, "time": 241418, "ringDuration": 30000}, "uid": "123456"}}, "stationNumber": "-2", "score": 150, "learnMode": false, "stageNumber": 1}, "77": {"browserTime": 1437920233327, "secondsLeft": 247, "group": 1, "station 0 health": 0, "turkNickName": "123456", "userID": 31, "serverTime": 1437920233.345984, "station 1 health": 0, "serverTime_acs": "Sun Jul 26 17:17:13 2015", "stationEvent": {"function": "in notify", "device": 2, "uid": "123456", "notify": {"swipesyDuration": 10000, "full": "Pet 1 needs help. get to it.", "missed": "Missed: Nurse", "created": 1437920233327, "group_number": 1, "previewButton": "Show: ", "value": 1, "swipesyCount": 3, "messageButton": "Done:", "swipesy": 3, "messageHeader": "Message:", "duration": 600000, "ring": "Incoming", "preview": "Incoming:Nurse", "time": 272938, "ringDuration": 30000}}, "stationNumber": -1, "score": 150, "learnMode": false, "stageNumber": 1}, "78": {"browserTime": 1437920233341, "secondsLeft": 246, "group": 1, "station 0 health": 0, "turkNickName": "123456", "userID": 31, "serverTime": 1437920233.695938, "station 1 health": 0, "serverTime_acs": "Sun Jul 26 17:17:13 2015", "stationEvent": {"function": "message received", "data": {"device": 2, "notify": {"swipesyDuration": 10000, "full": "Pet 1 needs help. get to it.", "missed": "Missed: Nurse", "created": 1437920233327, "group_number": 1, "previewButton": "Show: ", "value": 1, "messageButton": "Done:", "swipesy": 3, "messageHeader": "Message:", "duration": 600000, "preview": "Incoming:Nurse", "ring": "Incoming", "swipesyCount": 3, "time": 272938, "ringDuration": 30000}, "uid": "123456"}}, "stationNumber": "-2", "score": 150, "learnMode": false, "stageNumber": 1}, "79": {"browserTime": 1437920441280, "secondsLeft": 226, "group": 1, "station 0 health": 0, "turkNickName": "123456", "userID": 31, "serverTime": 1437920441.292269, "station 1 health": 0, "serverTime_acs": "Sun Jul 26 17:20:41 2015", "stationEvent": {"function": "serverConnect"}, "stationNumber": -2, "score": 150, "learnMode": false, "stageNumber": 1}, "80": {"browserTime": 1437920441288, "secondsLeft": 226, "group": 1, "station 0 health": 0, "turkNickName": "123456", "userID": 31, "serverTime": 1437920441.640975, "station 1 health": 0, "serverTime_acs": "Sun Jul 26 17:20:41 2015", "stationEvent": {"function": "joinedRoom"}, "stationNumber": "-2", "score": 150, "learnMode": false, "stageNumber": 1}, "81": {"browserTime": 1437920442013, "secondsLeft": 226, "group": 1, "station 0 health": 0, "turkNickName": "123456", "userID": 31, "serverTime": 1437920442.020849, "station 1 health": 0, "serverTime_acs": "Sun Jul 26 17:20:42 2015", "stationEvent": {"function": "message received", "data": {"device": 2, "text": "msg", "uid": "123456"}}, "stationNumber": "-2", "score": 150, "learnMode": false, "stageNumber": 1}, "82": {"browserTime": 1437920442015, "secondsLeft": 226, "group": 1, "station 0 health": 0, "turkNickName": "123456", "userID": 31, "serverTime": 1437920442.378843, "station 1 health": 0, "serverTime_acs": "Sun Jul 26 17:20:42 2015", "stationEvent": {"function": "message received", "data": {"device": 2, "uid": "123456", "setHeader": "<h3>PetMobile Msnger</h3>"}}, "stationNumber": "-2", "score": 150, "learnMode": false, "stageNumber": 1}, "83": {"browserTime": 1437920569334, "secondsLeft": 206, "group": 1, "station 0 health": 0, "turkNickName": "123456", "userID": 31, "serverTime": 1437920569.343057, "station 1 health": 0, "serverTime_acs": "Sun Jul 26 17:22:49 2015", "stationEvent": "show", "stationNumber": "Pet 1", "score": 149, "learnMode": false, "stageNumber": 1}, "84": {"browserTime": 1437920569846, "secondsLeft": 205, "group": 1, "station 0 health": 100, "turkNickName": "123456", "userID": 31, "serverTime": 1437920569.855732, "station 1 health": 0, "serverTime_acs": "Sun Jul 26 17:22:49 2015", "stationEvent": "heal", "stationNumber": "Pet 1", "score": 145, "learnMode": false, "stageNumber": 1}, "85": {"browserTime": 1437920569848, "secondsLeft": 205, "group": 1, "station 0 health": 100, "turkNickName": "123456", "userID": 31, "serverTime": 1437920570.240113, "station 1 health": 0, "serverTime_acs": "Sun Jul 26 17:22:50 2015", "stationEvent": "hide", "stationNumber": "Pet 1", "score": 145, "learnMode": false, "stageNumber": 1}, "86": {"browserTime": 1437920570364, "secondsLeft": 205, "group": 1, "station 0 health": 100, "turkNickName": "123456", "userID": 31, "serverTime": 1437920570.619979, "station 1 health": 0, "serverTime_acs": "Sun Jul 26 17:22:50 2015", "stationEvent": "show", "stationNumber": "Pet 2", "score": 144, "learnMode": false, "stageNumber": 1}, "87": {"browserTime": 1437920570764, "secondsLeft": 204, "group": 1, "station 0 health": 97, "turkNickName": "123456", "userID": 31, "serverTime": 1437920570.998806, "station 1 health": 100, "serverTime_acs": "Sun Jul 26 17:22:50 2015", "stationEvent": "heal", "stationNumber": "Pet 2", "score": 140, "learnMode": false, "stageNumber": 1}, "88": {"browserTime": 1437920570765, "secondsLeft": 204, "group": 1, "station 0 health": 97, "turkNickName": "123456", "userID": 31, "serverTime": 1437920571.390256, "station 1 health": 100, "serverTime_acs": "Sun Jul 26 17:22:51 2015", "stationEvent": "hide", "stationNumber": "Pet 2", "score": 140, "learnMode": false, "stageNumber": 1}, "89": {"browserTime": 1437920602002, "secondsLeft": 200, "group": 1, "station 0 health": 89, "turkNickName": "123456", "userID": 31, "serverTime": 1437920602.015011, "station 1 health": 82, "serverTime_acs": "Sun Jul 26 17:23:22 2015", "stationEvent": {"function": "serverConnect"}, "stationNumber": -2, "score": 160, "learnMode": false, "stageNumber": 1}, "90": {"browserTime": 1437920602010, "secondsLeft": 200, "group": 1, "station 0 health": 89, "turkNickName": "123456", "userID": 31, "serverTime": 1437920602.443608, "station 1 health": 82, "serverTime_acs": "Sun Jul 26 17:23:22 2015", "stationEvent": {"function": "joinedRoom"}, "stationNumber": "-2", "score": 160, "learnMode": false, "stageNumber": 1}, "91": {"browserTime": 1437920602838, "secondsLeft": 200, "group": 1, "station 0 health": 89, "turkNickName": "123456", "userID": 31, "serverTime": 1437920602.844567, "station 1 health": 82, "serverTime_acs": "Sun Jul 26 17:23:22 2015", "stationEvent": {"function": "message received", "data": {"device": 2, "text": "msg", "uid": "123456"}}, "stationNumber": "-2", "score": 160, "learnMode": false, "stageNumber": 1}, "92": {"browserTime": 1437920602839, "secondsLeft": 200, "group": 1, "station 0 health": 89, "turkNickName": "123456", "userID": 31, "serverTime": 1437920603.276095, "station 1 health": 82, "serverTime_acs": "Sun Jul 26 17:23:23 2015", "stationEvent": {"function": "message received", "data": {"device": 2, "uid": "123456", "setHeader": "<h3>PetMobile Msnger</h3>"}}, "stationNumber": "-2", "score": 160, "learnMode": false, "stageNumber": 1}, "93": {"browserTime": 1437920623274, "secondsLeft": 198, "group": 1, "station 0 health": 84, "turkNickName": "123456", "userID": 31, "serverTime": 1437920623.288318, "station 1 health": 79, "serverTime_acs": "Sun Jul 26 17:23:43 2015", "stationEvent": {"function": "serverConnect"}, "stationNumber": -2, "score": 170, "learnMode": false, "stageNumber": 1}, "94": {"browserTime": 1437920623283, "secondsLeft": 198, "group": 1, "station 0 health": 84, "turkNickName": "123456", "userID": 31, "serverTime": 1437920623.695035, "station 1 health": 79, "serverTime_acs": "Sun Jul 26 17:23:43 2015", "stationEvent": {"function": "joinedRoom"}, "stationNumber": "-2", "score": 170, "learnMode": false, "stageNumber": 1}, "95": {"browserTime": 1437920624111, "secondsLeft": 198, "group": 1, "station 0 health": 84, "turkNickName": "123456", "userID": 31, "serverTime": 1437920624.117127, "station 1 health": 79, "serverTime_acs": "Sun Jul 26 17:23:44 2015", "stationEvent": {"function": "message received", "data": {"device": 2, "text": "msg", "uid": "123456"}}, "stationNumber": "-2", "score": 170, "learnMode": false, "stageNumber": 1}, "96": {"browserTime": 1437920624112, "secondsLeft": 198, "group": 1, "station 0 health": 84, "turkNickName": "123456", "userID": 31, "serverTime": 1437920624.519798, "station 1 health": 79, "serverTime_acs": "Sun Jul 26 17:23:44 2015", "stationEvent": {"function": "message received", "data": {"device": 2, "uid": "123456", "setHeader": "<h3>PetMobile Msnger</h3>"}}, "stationNumber": "-2", "score": 170, "learnMode": false, "stageNumber": 1}, "97": {"browserTime": 1437920643938, "secondsLeft": 196, "group": 1, "station 0 health": 79, "turkNickName": "123456", "userID": 31, "serverTime": 1437920643.953247, "station 1 health": 70, "serverTime_acs": "Sun Jul 26 17:24:03 2015", "stationEvent": {"function": "serverConnect"}, "stationNumber": -2, "score": 180, "learnMode": false, "stageNumber": 1}, "98": {"browserTime": 1437920643948, "secondsLeft": 196, "group": 1, "station 0 health": 79, "turkNickName": "123456", "userID": 31, "serverTime": 1437920644.3594, "station 1 health": 70, "serverTime_acs": "Sun Jul 26 17:24:04 2015", "stationEvent": {"function": "joinedRoom"}, "stationNumber": "-2", "score": 180, "learnMode": false, "stageNumber": 1}, "99": {"browserTime": 1437920644774, "secondsLeft": 196, "group": 1, "station 0 health": 79, "turkNickName": "123456", "userID": 31, "serverTime": 1437920644.780437, "station 1 health": 70, "serverTime_acs": "Sun Jul 26 17:24:04 2015", "stationEvent": {"function": "message received", "data": {"device": 2, "text": "msg", "uid": "123456"}}, "stationNumber": "-2", "score": 180, "learnMode": false, "stageNumber": 1}, "100": {"browserTime": 1437920644775, "secondsLeft": 196, "group": 1, "station 0 health": 79, "turkNickName": "123456", "userID": 31, "serverTime": 1437920645.190165, "station 1 health": 70, "serverTime_acs": "Sun Jul 26 17:24:05 2015", "stationEvent": {"function": "message received", "data": {"device": 2, "uid": "123456", "setHeader": "<h3>PetMobile Msnger</h3>"}}, "stationNumber": "-2", "score": 180, "learnMode": false, "stageNumber": 1}, "101": {"browserTime": 1437920668682, "secondsLeft": 191, "group": 1, "station 0 health": 67, "turkNickName": "123456", "userID": 31, "serverTime": 1437920668.690411, "station 1 health": 50, "serverTime_acs": "Sun Jul 26 17:24:28 2015", "stationEvent": "show", "stationNumber": "Pet 2", "score": 204, "learnMode": false, "stageNumber": 1}, "102": {"browserTime": 1437920669329, "secondsLeft": 190, "group": 1, "station 0 health": 67, "turkNickName": "123456", "userID": 31, "serverTime": 1437920669.337958, "station 1 health": 100, "serverTime_acs": "Sun Jul 26 17:24:29 2015", "stationEvent": "heal", "stationNumber": "Pet 2", "score": 200, "learnMode": false, "stageNumber": 1}, "103": {"browserTime": 1437920669330, "secondsLeft": 190, "group": 1, "station 0 health": 67, "turkNickName": "123456", "userID": 31, "serverTime": 1437920669.756921, "station 1 health": 100, "serverTime_acs": "Sun Jul 26 17:24:29 2015", "stationEvent": "hide", "stationNumber": "Pet 2", "score": 200, "learnMode": false, "stageNumber": 1}, "104": {"browserTime": 1437920670034, "secondsLeft": 190, "group": 1, "station 0 health": 67, "turkNickName": "123456", "userID": 31, "serverTime": 1437920670.18844, "station 1 health": 100, "serverTime_acs": "Sun Jul 26 17:24:30 2015", "stationEvent": "show", "stationNumber": "Pet 1", "score": 199, "learnMode": false, "stageNumber": 1}, "105": {"browserTime": 1437920670601, "secondsLeft": 189, "group": 1, "station 0 health": 100, "turkNickName": "123456", "userID": 31, "serverTime": 1437920670.622193, "station 1 health": 97, "serverTime_acs": "Sun Jul 26 17:24:30 2015", "stationEvent": "heal", "stationNumber": "Pet 1", "score": 195, "learnMode": false, "stageNumber": 1}, "106": {"browserTime": 1437920670602, "secondsLeft": 189, "group": 1, "station 0 health": 100, "turkNickName": "123456", "userID": 31, "serverTime": 1437920671.053476, "station 1 health": 97, "serverTime_acs": "Sun Jul 26 17:24:31 2015", "stationEvent": "hide", "stationNumber": "Pet 1", "score": 195, "learnMode": false, "stageNumber": 1}, "107": {"browserTime": 1437921546259, "secondsLeft": 30, "group": 1, "station 0 health": 100, "turkNickName": "2345", "serverTime": 1437921546.274253, "station 2 health": 100, "station 1 health": 100, "serverTime_acs": "Sun Jul 26 17:39:06 2015", "stationEvent": {"function": "serverConnect"}, "stationNumber": -2, "score": 0, "learnMode": true, "stageNumber": 0, "userID": 32}, "108": {"browserTime": 1437921547461, "secondsLeft": 179, "group": 1, "station 0 health": 99, "turkNickName": "2345", "serverTime": 1437921547.469535, "station 2 health": 93, "station 1 health": 100, "serverTime_acs": "Sun Jul 26 17:39:07 2015", "stationEvent": "show", "stationNumber": "Pet 1", "score": 4, "learnMode": true, "stageNumber": 0, "userID": 32}, "109": {"browserTime": 1437921548006, "secondsLeft": 179, "group": 1, "station 0 health": 99, "turkNickName": "2345", "serverTime": 1437921548.013668, "station 2 health": 93, "station 1 health": 100, "serverTime_acs": "Sun Jul 26 17:39:08 2015", "stationEvent": "hide", "stationNumber": "Pet 1", "score": 4, "learnMode": true, "stageNumber": 0, "userID": 32}, "110": {"browserTime": 1437921548503, "secondsLeft": 178, "group": 1, "station 0 health": 94, "turkNickName": "2345", "serverTime": 1437921548.511658, "station 2 health": 91, "station 1 health": 96, "serverTime_acs": "Sun Jul 26 17:39:08 2015", "stationEvent": "show", "stationNumber": "Pet 1", "score": 8, "learnMode": true, "stageNumber": 0, "userID": 32}, "111": {"browserTime": 1437921548943, "secondsLeft": 178, "group": 1, "station 0 health": 94, "turkNickName": "2345", "serverTime": 1437921548.961031, "station 2 health": 91, "station 1 health": 96, "serverTime_acs": "Sun Jul 26 17:39:08 2015", "stationEvent": "hide", "stationNumber": "Pet 1", "score": 8, "learnMode": true, "stageNumber": 0, "userID": 32}, "112": {"browserTime": 1437982942709, "secondsLeft": 30, "group": 0, "station 0 health": 100, "turkNickName": "111", "serverTime": 1437982942.719912, "station 2 health": 100, "station 1 health": 100, "serverTime_acs": "Mon Jul 27 10:42:22 2015", "stationEvent": {"function": "serverConnect"}, "stationNumber": -2, "score": 0, "learnMode": true, "stageNumber": 0, "userID": 33}, "113": {"browserTime": 1437982946063, "secondsLeft": 57, "group": 0, "station 0 health": 96, "turkNickName": "111", "serverTime": 1437982946.071664, "station 2 health": 91, "station 1 health": 87, "serverTime_acs": "Mon Jul 27 10:42:26 2015", "stationEvent": "show", "stationNumber": "Pet 2", "score": 14, "learnMode": true, "stageNumber": 0, "userID": 33}, "114": {"browserTime": 1437982946885, "secondsLeft": 56, "group": 0, "station 0 health": 93, "turkNickName": "111", "serverTime": 1437982946.894491, "station 2 health": 87, "station 1 health": 100, "serverTime_acs": "Mon Jul 27 10:42:26 2015", "stationEvent": "heal", "stationNumber": "Pet 2", "score": 10, "learnMode": true, "stageNumber": 0, "userID": 33}, "115": {"browserTime": 1437982946887, "secondsLeft": 56, "group": 0, "station 0 health": 93, "turkNickName": "111", "serverTime": 1437982947.345213, "station 2 health": 87, "station 1 health": 100, "serverTime_acs": "Mon Jul 27 10:42:27 2015", "stationEvent": "hide", "stationNumber": "Pet 2", "score": 10, "learnMode": true, "stageNumber": 0, "userID": 33}, "116": {"browserTime": 1437982948077, "secondsLeft": 55, "group": 0, "station 0 health": 93, "turkNickName": "111", "serverTime": 1437982948.085459, "station 2 health": 84, "station 1 health": 99, "serverTime_acs": "Mon Jul 27 10:42:28 2015", "stationEvent": "show", "stationNumber": "Pet 1", "score": 14, "learnMode": true, "stageNumber": 0, "userID": 33}, "117": {"browserTime": 1437982949093, "secondsLeft": 54, "group": 0, "station 0 health": 100, "turkNickName": "111", "serverTime": 1437982949.101391, "station 2 health": 80, "station 1 health": 94, "serverTime_acs": "Mon Jul 27 10:42:29 2015", "stationEvent": "heal", "stationNumber": "Pet 1", "score": 10, "learnMode": true, "stageNumber": 0, "userID": 33}, "118": {"browserTime": 1437982949094, "secondsLeft": 54, "group": 0, "station 0 health": 100, "turkNickName": "111", "serverTime": 1437982949.557859, "station 2 health": 80, "station 1 health": 94, "serverTime_acs": "Mon Jul 27 10:42:29 2015", "stationEvent": "hide", "stationNumber": "Pet 1", "score": 10, "learnMode": true, "stageNumber": 0, "userID": 33}, "119": {"browserTime": 1437982949916, "secondsLeft": 53, "group": 0, "station 0 health": 99, "turkNickName": "111", "serverTime": 1437982950.006521, "station 2 health": 74, "station 1 health": 90, "serverTime_acs": "Mon Jul 27 10:42:30 2015", "stationEvent": "show", "stationNumber": "Pet 3", "score": 14, "learnMode": true, "stageNumber": 0, "userID": 33}, "120": {"browserTime": 1437982950504, "secondsLeft": 53, "group": 0, "station 0 health": 99, "turkNickName": "111", "serverTime": 1437982950.512882, "station 2 health": 100, "station 1 health": 90, "serverTime_acs": "Mon Jul 27 10:42:30 2015", "stationEvent": "heal", "stationNumber": "Pet 3", "score": 10, "learnMode": true, "stageNumber": 0, "userID": 33}, "121": {"browserTime": 1437982950506, "secondsLeft": 53, "group": 0, "station 0 health": 99, "turkNickName": "111", "serverTime": 1437982950.971288, "station 2 health": 100, "station 1 health": 90, "serverTime_acs": "Mon Jul 27 10:42:30 2015", "stationEvent": "hide", "stationNumber": "Pet 3", "score": 10, "learnMode": true, "stageNumber": 0, "userID": 33}, "122": {"browserTime": 1437982959084, "secondsLeft": 49, "group": 0, "station 0 health": 88, "turkNickName": "111", "serverTime": 1437982959.09217, "station 2 health": 90, "station 1 health": 83, "serverTime_acs": "Mon Jul 27 10:42:39 2015", "stationEvent": "show", "stationNumber": "Pet 3", "score": 29, "learnMode": true, "stageNumber": 0, "userID": 33}, "123": {"browserTime": 1437982960700, "secondsLeft": 48, "group": 0, "station 0 health": 89, "turkNickName": "111", "serverTime": 1437982960.7086, "station 2 health": 84, "station 1 health": 79, "serverTime_acs": "Mon Jul 27 10:42:40 2015", "stationEvent": "hide", "stationNumber": "Pet 3", "score": 29, "learnMode": true, "stageNumber": 0, "userID": 33}, "124": {"browserTime": 1437982967300, "secondsLeft": 41, "group": 0, "station 0 health": 79, "turkNickName": "111", "serverTime": 1437982967.308187, "station 2 health": 57, "station 1 health": 66, "serverTime_acs": "Mon Jul 27 10:42:47 2015", "stationEvent": "show", "stationNumber": "Pet 1", "score": 63, "learnMode": true, "stageNumber": 0, "userID": 33}, "125": {"browserTime": 1437982967876, "secondsLeft": 41, "group": 0, "station 0 health": 100, "turkNickName": "111", "serverTime": 1437982967.883872, "station 2 health": 57, "station 1 health": 66, "serverTime_acs": "Mon Jul 27 10:42:47 2015", "stationEvent": "heal", "stationNumber": "Pet 1", "score": 59, "learnMode": true, "stageNumber": 0, "userID": 33}, "126": {"browserTime": 1437982967877, "secondsLeft": 41, "group": 0, "station 0 health": 100, "turkNickName": "111", "serverTime": 1437982968.360145, "station 2 health": 57, "station 1 health": 66, "serverTime_acs": "Mon Jul 27 10:42:48 2015", "stationEvent": "hide", "stationNumber": "Pet 1", "score": 59, "learnMode": true, "stageNumber": 0, "userID": 33}, "127": {"browserTime": 1437982968475, "secondsLeft": 40, "group": 0, "station 0 health": 99, "turkNickName": "111", "serverTime": 1437982968.833539, "station 2 health": 50, "station 1 health": 61, "serverTime_acs": "Mon Jul 27 10:42:48 2015", "stationEvent": "show", "stationNumber": "Pet 2", "score": 63, "learnMode": true, "stageNumber": 0, "userID": 33}, "128": {"browserTime": 1437982969055, "secondsLeft": 39, "group": 0, "station 0 health": 96, "turkNickName": "111", "serverTime": 1437982969.312924, "station 2 health": 44, "station 1 health": 100, "serverTime_acs": "Mon Jul 27 10:42:49 2015", "stationEvent": "hide", "stationNumber": "Pet 2", "score": 59, "learnMode": true, "stageNumber": 0, "userID": 33}, "129": {"browserTime": 1437982969053, "secondsLeft": 39, "group": 0, "station 0 health": 96, "turkNickName": "111", "serverTime": 1437982969.789391, "station 2 health": 44, "station 1 health": 100, "serverTime_acs": "Mon Jul 27 10:42:49 2015", "stationEvent": "heal", "stationNumber": "Pet 2", "score": 59, "learnMode": true, "stageNumber": 0, "userID": 33}, "130": {"browserTime": 1437982985645, "secondsLeft": 36, "group": 0, "station 0 health": 95, "turkNickName": "111", "serverTime": 1437982985.653875, "station 2 health": 33, "station 1 health": 89, "serverTime_acs": "Mon Jul 27 10:43:05 2015", "stationEvent": "show", "stationNumber": "Pet 3", "score": 73, "learnMode": true, "stageNumber": 0, "userID": 33}, "131": {"browserTime": 1437982986371, "secondsLeft": 35, "group": 0, "station 0 health": 91, "turkNickName": "111", "serverTime": 1437982986.379935, "station 2 health": 100, "station 1 health": 90, "serverTime_acs": "Mon Jul 27 10:43:06 2015", "stationEvent": "heal", "stationNumber": "Pet 3", "score": 69, "learnMode": true, "stageNumber": 0, "userID": 33}, "132": {"browserTime": 1437982986372, "secondsLeft": 35, "group": 0, "station 0 health": 91, "turkNickName": "111", "serverTime": 1437982986.876771, "station 2 health": 100, "station 1 health": 90, "serverTime_acs": "Mon Jul 27 10:43:06 2015", "stationEvent": "hide", "stationNumber": "Pet 3", "score": 69, "learnMode": true, "stageNumber": 0, "userID": 33}, "133": {"browserTime": 1437983001434, "secondsLeft": 27, "group": 0, "station 0 health": 78, "turkNickName": "111", "serverTime": 1437983001.441536, "station 2 health": 64, "station 1 health": 70, "serverTime_acs": "Mon Jul 27 10:43:21 2015", "stationEvent": "show", "stationNumber": "Pet 3", "score": 108, "learnMode": true, "stageNumber": 0, "userID": 33}, "134": {"browserTime": 1437983001987, "secondsLeft": 26, "group": 0, "station 0 health": 75, "turkNickName": "111", "serverTime": 1437983001.995112, "station 2 health": 100, "station 1 health": 70, "serverTime_acs": "Mon Jul 27 10:43:21 2015", "stationEvent": "heal", "stationNumber": "Pet 3", "score": 104, "learnMode": true, "stageNumber": 0, "userID": 33}, "135": {"browserTime": 1437983001988, "secondsLeft": 26, "group": 0, "station 0 health": 75, "turkNickName": "111", "serverTime": 1437983002.476654, "station 2 health": 100, "station 1 health": 70, "serverTime_acs": "Mon Jul 27 10:43:22 2015", "stationEvent": "hide", "stationNumber": "Pet 3", "score": 104, "learnMode": true, "stageNumber": 0, "userID": 33}, "136": {"browserTime": 1437983012371, "secondsLeft": 23, "group": 0, "station 0 health": 63, "turkNickName": "111", "serverTime": 1437983012.380383, "station 2 health": 88, "station 1 health": 63, "serverTime_acs": "Mon Jul 27 10:43:32 2015", "stationEvent": "show", "stationNumber": "Pet 1", "score": 118, "learnMode": true, "stageNumber": 0, "userID": 33}, "137": {"browserTime": 1437983012922, "secondsLeft": 22, "group": 0, "station 0 health": 100, "turkNickName": "111", "serverTime": 1437983012.930982, "station 2 health": 82, "station 1 health": 62, "serverTime_acs": "Mon Jul 27 10:43:32 2015", "stationEvent": "heal", "stationNumber": "Pet 1", "score": 114, "learnMode": true, "stageNumber": 0, "userID": 33}, "138": {"browserTime": 1437983012923, "secondsLeft": 22, "group": 0, "station 0 health": 100, "turkNickName": "111", "serverTime": 1437983013.43541, "station 2 health": 82, "station 1 health": 62, "serverTime_acs": "Mon Jul 27 10:43:33 2015", "stationEvent": "hide", "stationNumber": "Pet 1", "score": 114, "learnMode": true, "stageNumber": 0, "userID": 33}, "139": {"browserTime": 1437983013666, "secondsLeft": 21, "group": 0, "station 0 health": 96, "turkNickName": "111", "serverTime": 1437983013.942209, "station 2 health": 80, "station 1 health": 61, "serverTime_acs": "Mon Jul 27 10:43:33 2015", "stationEvent": "show", "stationNumber": "Pet 2", "score": 118, "learnMode": true, "stageNumber": 0, "userID": 33}, "140": {"browserTime": 1437983014218, "secondsLeft": 21, "group": 0, "station 0 health": 96, "turkNickName": "111", "serverTime": 1437983014.446952, "station 2 health": 80, "station 1 health": 100, "serverTime_acs": "Mon Jul 27 10:43:34 2015", "stationEvent": "heal", "stationNumber": "Pet 2", "score": 114, "learnMode": true, "stageNumber": 0, "userID": 33}, "141": {"browserTime": 1437983014220, "secondsLeft": 21, "group": 0, "station 0 health": 96, "turkNickName": "111", "serverTime": 1437983014.953444, "station 2 health": 80, "station 1 health": 100, "serverTime_acs": "Mon Jul 27 10:43:34 2015", "stationEvent": "hide", "stationNumber": "Pet 2", "score": 114, "learnMode": true, "stageNumber": 0, "userID": 33}, "142": {"browserTime": 1437983015362, "secondsLeft": 20, "group": 0, "station 0 health": 91, "turkNickName": "111", "serverTime": 1437983015.474121, "station 2 health": 100, "station 1 health": 97, "serverTime_acs": "Mon Jul 27 10:43:35 2015", "stationEvent": "heal", "stationNumber": "Pet 3", "score": 114, "learnMode": true, "stageNumber": 0, "userID": 33}, "143": {"browserTime": 1437983014785, "secondsLeft": 20, "group": 0, "station 0 health": 91, "turkNickName": "111", "serverTime": 1437983015.981126, "station 2 health": 73, "station 1 health": 97, "serverTime_acs": "Mon Jul 27 10:43:35 2015", "stationEvent": "show", "stationNumber": "Pet 3", "score": 118, "learnMode": true, "stageNumber": 0, "userID": 33}, "144": {"browserTime": 1437983015363, "secondsLeft": 20, "group": 0, "station 0 health": 91, "turkNickName": "111", "serverTime": 1437983016.488412, "station 2 health": 100, "station 1 health": 97, "serverTime_acs": "Mon Jul 27 10:43:36 2015", "stationEvent": "hide", "stationNumber": "Pet 3", "score": 114, "learnMode": true, "stageNumber": 0, "userID": 33}, "145": {"browserTime": 1437983046211, "secondsLeft": 0, "group": 0, "station 0 health": 67, "turkNickName": "111", "serverTime": 1437983046.221455, "station 2 health": 18, "station 1 health": 67, "serverTime_acs": "Mon Jul 27 10:44:06 2015", "stationEvent": "session over and confirmed", "stationNumber": -1, "score": 209, "learnMode": true, "stageNumber": 0, "userID": 33}, "146": {"browserTime": 1437983048000, "group": 0, "turkNickName": "111", "serverTime": 1437983048.013962, "userID": 33, "stageNumber": 0, "serverTime_acs": "Mon Jul 27 10:44:08 2015", "stationEvent": "viewHospital", "stationNumber": -1}, "147": {"browserTime": 1437983069928, "group": 0, "turkNickName": "111", "userID": 33, "serverTime": 1437983069.945637, "stageNumber": 0, "serverTime_acs": "Mon Jul 27 10:44:29 2015", "stationEvent": "viewWatch", "stationNumber": -1}, "148": {"browserTime": 1437983078799, "group": 0, "turkNickName": "111", "serverTime": 1437983078.808887, "userID": 33, "stageNumber": 0, "serverTime_acs": "Mon Jul 27 10:44:38 2015", "stationEvent": "viewHospital", "stationNumber": -1}, "149": {"browserTime": 1437983082432, "turkNickName": "111", "serverTime": 1437983082.441205, "station 2 health": 100, "serverTime_acs": "Mon Jul 27 10:44:42 2015", "stationNumber": -2, "secondsLeft": 30, "group": 0, "station 0 health": 100, "userID": 33, "station 1 health": 100, "stationEvent": {"function": "serverConnect"}, "score": 0, "learnMode": false, "station 3 health": 100, "stageNumber": 0}, "150": {"browserTime": 1437983082679, "group": 0, "turkNickName": "111", "serverTime": 1437983082.980441, "userID": 33, "stageNumber": 0, "serverTime_acs": "Mon Jul 27 10:44:42 2015", "stationEvent": "viewWatch", "stationNumber": -1}, "151": {"browserTime": 1437983083314, "turkNickName": "111", "serverTime": 1437983083.528618, "station 2 health": 100, "serverTime_acs": "Mon Jul 27 10:44:43 2015", "stationNumber": -1, "secondsLeft": 30, "group": 0, "station 0 health": 100, "userID": 33, "station 1 health": 100, "stationEvent": {"function": "in notify", "device": 2, "uid": "111", "notify": {"swipesyDuration": "", "full": "Lunch special today on Hamburger", "missed": "", "created": 1437983083313, "group_number": 0, "previewButton": "", "value": "", "swipesyCount": "", "messageButton": "", "swipesy": "", "messageHeader": "", "duration": "", "ring": "", "preview": "", "time": "", "ringDuration": ""}}, "score": 0, "learnMode": false, "station 3 health": 100, "stageNumber": 0}, "152": {"browserTime": 1437983111784, "group": 0, "turkNickName": "111", "serverTime": 1437983111.797096, "userID": 33, "stageNumber": 0, "serverTime_acs": "Mon Jul 27 10:45:11 2015", "stationEvent": "viewHospital", "stationNumber": -1}, "153": {"browserTime": 1437983122862, "turkNickName": "111", "serverTime": 1437983122.872715, "station 2 health": 24, "serverTime_acs": "Mon Jul 27 10:45:22 2015", "stationNumber": "Pet 1", "secondsLeft": 21, "group": 0, "station 0 health": 0, "userID": 33, "station 1 health": 0, "stationEvent": "show", "score": 109, "learnMode": false, "station 3 health": 15, "stageNumber": 0}, "154": {"browserTime": 1437983123534, "turkNickName": "111", "userID": 33, "station 2 health": 20, "serverTime_acs": "Mon Jul 27 10:45:23 2015", "stationNumber": "Pet 1", "secondsLeft": 20, "group": 0, "station 0 health": 100, "serverTime": 1437983123.541061, "station 1 health": 0, "stationEvent": "heal", "score": 105, "learnMode": false, "station 3 health": 13, "stageNumber": 0}, "155": {"browserTime": 1437983123535, "turkNickName": "111", "serverTime": 1437983124.095272, "station 2 health": 20, "serverTime_acs": "Mon Jul 27 10:45:24 2015", "stationNumber": "Pet 1", "secondsLeft": 20, "group": 0, "station 0 health": 100, "userID": 33, "station 1 health": 0, "stationEvent": "hide", "score": 105, "learnMode": false, "station 3 health": 13, "stageNumber": 0}, "156": {"browserTime": 1437983124597, "turkNickName": "111", "userID": 33, "station 2 health": 16, "serverTime_acs": "Mon Jul 27 10:45:24 2015", "stationNumber": "Pet 2", "secondsLeft": 19, "group": 0, "station 0 health": 96, "serverTime": 1437983124.650307, "station 1 health": 100, "stationEvent": "heal", "score": 100, "learnMode": false, "station 3 health": 11, "stageNumber": 0}, "157": {"browserTime": 1437983124093, "turkNickName": "111", "serverTime": 1437983125.216397, "station 2 health": 20, "serverTime_acs": "Mon Jul 27 10:45:25 2015", "stationNumber": "Pet 2", "secondsLeft": 20, "group": 0, "station 0 health": 100, "userID": 33, "station 1 health": 0, "stationEvent": "show", "score": 104, "learnMode": false, "station 3 health": 13, "stageNumber": 0}, "158": {"browserTime": 1437983124599, "turkNickName": "111", "userID": 33, "station 2 health": 16, "serverTime_acs": "Mon Jul 27 10:45:25 2015", "stationNumber": "Pet 2", "secondsLeft": 19, "group": 0, "station 0 health": 96, "serverTime": 1437983125.768801, "station 1 health": 100, "stationEvent": "hide", "score": 100, "learnMode": false, "station 3 health": 11, "stageNumber": 0}, "159": {"browserTime": 1437983125783, "turkNickName": "111", "serverTime": 1437983126.333407, "station 2 health": 100, "serverTime_acs": "Mon Jul 27 10:45:26 2015", "stationNumber": "Pet 3", "secondsLeft": 18, "group": 0, "station 0 health": 90, "userID": 33, "station 1 health": 98, "stationEvent": "hide", "score": 95, "learnMode": false, "station 3 health": 9, "stageNumber": 0}, "160": {"browserTime": 1437983125782, "turkNickName": "111", "userID": 33, "station 2 health": 100, "serverTime_acs": "Mon Jul 27 10:45:26 2015", "stationNumber": "Pet 3", "secondsLeft": 18, "group": 0, "station 0 health": 90, "serverTime": 1437983126.905113, "station 1 health": 98, "stationEvent": "heal", "score": 95, "learnMode": false, "station 3 health": 9, "stageNumber": 0}, "161": {"browserTime": 1437983125078, "turkNickName": "111", "serverTime": 1437983127.468887, "station 2 health": 16, "serverTime_acs": "Mon Jul 27 10:45:27 2015", "stationNumber": "Pet 3", "secondsLeft": 19, "group": 0, "station 0 health": 96, "userID": 33, "station 1 health": 100, "stationEvent": "show", "score": 99, "learnMode": false, "station 3 health": 11, "stageNumber": 0}, "162": {"browserTime": 1437983127173, "turkNickName": "111", "userID": 33, "station 2 health": 95, "serverTime_acs": "Mon Jul 27 10:45:28 2015", "stationNumber": "Pet 4", "secondsLeft": 17, "group": 0, "station 0 health": 87, "serverTime": 1437983128.03534, "station 1 health": 95, "stationEvent": "heal", "score": 95, "learnMode": false, "station 3 health": 100, "stageNumber": 0}, "163": {"browserTime": 1437983126605, "turkNickName": "111", "serverTime": 1437983128.606324, "station 2 health": 95, "serverTime_acs": "Mon Jul 27 10:45:28 2015", "stationNumber": "Pet 4", "secondsLeft": 17, "group": 0, "station 0 health": 87, "userID": 33, "station 1 health": 95, "stationEvent": "show", "score": 99, "learnMode": false, "station 3 health": 10, "stageNumber": 0}, "164": {"browserTime": 1437983127175, "turkNickName": "111", "userID": 33, "station 2 health": 95, "serverTime_acs": "Mon Jul 27 10:45:29 2015", "stationNumber": "Pet 4", "secondsLeft": 17, "group": 0, "station 0 health": 87, "serverTime": 1437983129.232629, "station 1 health": 95, "stationEvent": "hide", "score": 95, "learnMode": false, "station 3 health": 100, "stageNumber": 0}, "165": {"browserTime": 1437983418844, "turkNickName": "111", "serverTime": 1437983418.854804, "station 2 health": 46, "serverTime_acs": "Mon Jul 27 10:50:18 2015", "stationNumber": -1, "secondsLeft": 0, "group": 0, "station 0 health": 7, "userID": 33, "station 1 health": 33, "stationEvent": "session over and confirmed", "score": 175, "learnMode": false, "station 3 health": 84, "stageNumber": 0}, "166": {"browserTime": 1437984780944, "secondsLeft": 30, "group": 0, "station 0 health": 100, "turkNickName": "111", "userID": 33, "serverTime": 1437984780.954174, "station 1 health": 100, "serverTime_acs": "Mon Jul 27 11:13:00 2015", "stationEvent": {"function": "serverConnect"}, "stationNumber": -2, "score": 0, "learnMode": false, "stageNumber": 1}, "167": {"browserTime": 1437984781837, "secondsLeft": 30, "group": 0, "station 0 health": 100, "turkNickName": "111", "userID": 33, "serverTime": 1437984781.847671, "station 1 health": 100, "serverTime_acs": "Mon Jul 27 11:13:01 2015", "stationEvent": {"function": "in notify", "device": 2, "uid": "111", "notify": {"swipesyDuration": "", "full": "Lunch special today on Hamburger", "missed": "", "created": 1437984781837, "group_number": 0, "previewButton": "", "value": "", "swipesyCount": "", "messageButton": "", "swipesy": "", "messageHeader": "", "duration": "", "ring": "", "preview": "", "time": "", "ringDuration": ""}}, "stationNumber": -1, "score": 0, "learnMode": false, "stageNumber": 1}, "168": {"browserTime": 1437984839550, "secondsLeft": 25, "group": 0, "station 0 health": 25, "turkNickName": "111", "userID": 33, "serverTime": 1437984839.560486, "station 1 health": 0, "serverTime_acs": "Mon Jul 27 11:13:59 2015", "stationEvent": "show", "stationNumber": "Pet 2", "score": 119, "learnMode": false, "stageNumber": 1}, "169": {"browserTime": 1437984840115, "secondsLeft": 24, "group": 0, "station 0 health": 22, "turkNickName": "111", "userID": 33, "serverTime": 1437984840.156204, "station 1 health": 100, "serverTime_acs": "Mon Jul 27 11:14:00 2015", "stationEvent": "heal", "stationNumber": "Pet 2", "score": 115, "learnMode": false, "stageNumber": 1}, "170": {"browserTime": 1437984840117, "secondsLeft": 24, "group": 0, "station 0 health": 22, "turkNickName": "111", "userID": 33, "serverTime": 1437984840.762799, "station 1 health": 100, "serverTime_acs": "Mon Jul 27 11:14:00 2015", "stationEvent": "hide", "stationNumber": "Pet 2", "score": 115, "learnMode": false, "stageNumber": 1}, "171": {"browserTime": 1437984840739, "secondsLeft": 24, "group": 0, "station 0 health": 22, "turkNickName": "111", "userID": 33, "serverTime": 1437984841.36852, "station 1 health": 100, "serverTime_acs": "Mon Jul 27 11:14:01 2015", "stationEvent": "show", "stationNumber": "Pet 1", "score": 114, "learnMode": false, "stageNumber": 1}, "172": {"browserTime": 1437984841388, "secondsLeft": 23, "group": 0, "station 0 health": 100, "turkNickName": "111", "userID": 33, "serverTime": 1437984841.958909, "station 1 health": 96, "serverTime_acs": "Mon Jul 27 11:14:01 2015", "stationEvent": "hide", "stationNumber": "Pet 1", "score": 110, "learnMode": false, "stageNumber": 1}, "173": {"browserTime": 1437984841387, "secondsLeft": 23, "group": 0, "station 0 health": 100, "turkNickName": "111", "userID": 33, "serverTime": 1437984842.572699, "station 1 health": 96, "serverTime_acs": "Mon Jul 27 11:14:02 2015", "stationEvent": "heal", "stationNumber": "Pet 1", "score": 110, "learnMode": false, "stageNumber": 1}, "174": {"browserTime": 1437984923098, "secondsLeft": 0, "group": 0, "station 0 health": 57, "turkNickName": "111", "userID": 33, "serverTime": 1437984923.107186, "station 1 health": 9, "serverTime_acs": "Mon Jul 27 11:15:23 2015", "stationEvent": "session over and confirmed", "stationNumber": -1, "score": 220, "learnMode": false, "stageNumber": 1}, "175": {"browserTime": 1437985209799, "secondsLeft": 30, "group": 1, "station 0 health": 100, "turkNickName": "1234", "serverTime": 1437985209.81151, "station 2 health": 100, "station 1 health": 100, "serverTime_acs": "Mon Jul 27 11:20:09 2015", "stationEvent": {"function": "serverConnect"}, "stationNumber": -2, "score": 0, "learnMode": true, "stageNumber": 0, "userID": 34}, "176": {"browserTime": 1437985211630, "secondsLeft": 59, "group": 1, "station 0 health": 98, "turkNickName": "1234", "serverTime": 1437985211.63842, "station 2 health": 93, "station 1 health": 100, "serverTime_acs": "Mon Jul 27 11:20:11 2015", "stationEvent": "show", "stationNumber": "Pet 1", "score": 4, "learnMode": true, "stageNumber": 0, "userID": 34}, "177": {"browserTime": 1437985212133, "secondsLeft": 58, "group": 1, "station 0 health": 100, "turkNickName": "1234", "serverTime": 1437985212.271778, "station 2 health": 87, "station 1 health": 99, "serverTime_acs": "Mon Jul 27 11:20:12 2015", "stationEvent": "heal", "stationNumber": "Pet 1", "score": 0, "learnMode": true, "stageNumber": 0, "userID": 34}, "178": {"browserTime": 1437985212134, "secondsLeft": 58, "group": 1, "station 0 health": 100, "turkNickName": "1234", "serverTime": 1437985212.891535, "station 2 health": 87, "station 1 health": 99, "serverTime_acs": "Mon Jul 27 11:20:12 2015", "stationEvent": "hide", "stationNumber": "Pet 1", "score": 0, "learnMode": true, "stageNumber": 0, "userID": 34}, "179": {"browserTime": 1437985213077, "secondsLeft": 57, "group": 1, "station 0 health": 100, "turkNickName": "1234", "serverTime": 1437985213.50093, "station 2 health": 83, "station 1 health": 96, "serverTime_acs": "Mon Jul 27 11:20:13 2015", "stationEvent": "show", "stationNumber": "Pet 2", "score": 4, "learnMode": true, "stageNumber": 0, "userID": 34}, "180": {"browserTime": 1437985213557, "secondsLeft": 57, "group": 1, "station 0 health": 100, "turkNickName": "1234", "serverTime": 1437985214.120684, "station 2 health": 83, "station 1 health": 100, "serverTime_acs": "Mon Jul 27 11:20:14 2015", "stationEvent": "heal", "stationNumber": "Pet 2", "score": 0, "learnMode": true, "stageNumber": 0, "userID": 34}, "181": {"browserTime": 1437985213558, "secondsLeft": 57, "group": 1, "station 0 health": 100, "turkNickName": "1234", "serverTime": 1437985214.740056, "station 2 health": 83, "station 1 health": 100, "serverTime_acs": "Mon Jul 27 11:20:14 2015", "stationEvent": "hide", "stationNumber": "Pet 2", "score": 0, "learnMode": true, "stageNumber": 0, "userID": 34}, "182": {"browserTime": 1437985214108, "secondsLeft": 56, "group": 1, "station 0 health": 95, "turkNickName": "1234", "serverTime": 1437985215.364927, "station 2 health": 82, "station 1 health": 100, "serverTime_acs": "Mon Jul 27 11:20:15 2015", "stationEvent": "show", "stationNumber": "Pet 3", "score": 4, "learnMode": true, "stageNumber": 0, "userID": 34}, "183": {"browserTime": 1437985214612, "secondsLeft": 56, "group": 1, "station 0 health": 95, "turkNickName": "1234", "serverTime": 1437985216.013446, "station 2 health": 100, "station 1 health": 100, "serverTime_acs": "Mon Jul 27 11:20:16 2015", "stationEvent": "heal", "stationNumber": "Pet 3", "score": 0, "learnMode": true, "stageNumber": 0, "userID": 34}, "184": {"browserTime": 1437985214614, "secondsLeft": 56, "group": 1, "station 0 health": 95, "turkNickName": "1234", "serverTime": 1437985216.652617, "station 2 health": 100, "station 1 health": 100, "serverTime_acs": "Mon Jul 27 11:20:16 2015", "stationEvent": "hide", "stationNumber": "Pet 3", "score": 0, "learnMode": true, "stageNumber": 0, "userID": 34}, "185": {"browserTime": 1437986266821, "secondsLeft": 0, "group": 1, "station 0 health": 0, "turkNickName": "1234", "serverTime": 1437986266.831907, "station 2 health": 0, "station 1 health": 0, "serverTime_acs": "Mon Jul 27 11:37:46 2015", "stationEvent": "session over and confirmed", "stationNumber": -1, "score": 125, "learnMode": true, "stageNumber": 0, "userID": 34}, "186": {"browserTime": 1437986268261, "group": 1, "turkNickName": "1234", "serverTime": 1437986268.273371, "userID": 34, "stageNumber": 0, "serverTime_acs": "Mon Jul 27 11:37:48 2015", "stationEvent": "viewHospital", "stationNumber": -1}, "187": {"browserTime": 1437987548280, "secondsLeft": 30, "group": 0, "station 0 health": 100, "turkNickName": "1234", "serverTime": 1437987548.290696, "station 2 health": 100, "station 1 health": 100, "serverTime_acs": "Mon Jul 27 11:59:08 2015", "stationEvent": {"function": "serverConnect"}, "stationNumber": -2, "score": 0, "learnMode": true, "stageNumber": 0, "userID": 35}, "188": {"browserTime": 1437989522191, "group": 0, "turkNickName": "1234", "serverTime": 1437989522.220162, "userID": 36, "stageNumber": 0, "serverTime_acs": "Mon Jul 27 12:32:02 2015", "stationEvent": "viewHospital", "stationNumber": -1}, "189": {"browserTime": 1437989555095, "group": 0, "turkNickName": "1234", "userID": 36, "serverTime": 1437989555.126296, "stageNumber": 0, "serverTime_acs": "Mon Jul 27 12:32:35 2015", "stationEvent": "viewHospital", "stationNumber": -1}, "190": {"browserTime": 1437989594623, "group": 0, "turkNickName": "1234", "serverTime": 1437989594.651333, "userID": 36, "stageNumber": 0, "serverTime_acs": "Mon Jul 27 12:33:14 2015", "stationEvent": "viewHospital", "stationNumber": -1}, "191": {"browserTime": 1437989654133, "group": 0, "turkNickName": "1234", "userID": 36, "serverTime": 1437989654.194584, "stageNumber": 0, "serverTime_acs": "Mon Jul 27 12:34:14 2015", "stationEvent": "viewHospital", "stationNumber": -1}}}