{"interruptionsLearn": {}, "_default": {}, "stationsExperiment": {"1": {"leftOffset": 35.0, "block_number": 1.0, "station_health": 100.0, "station_id": 1.0, "station_hDelta": 2.0, "topOffset": 60.0, "station_noise": 2.0, "id": "Pet 1"}, "3": {"leftOffset": 35.0, "block_number": 3.0, "station_health": 100.0, "station_id": 1.0, "station_hDelta": 4.0, "topOffset": 60.0, "station_noise": 2.0, "id": "Pet 1"}, "2": {"leftOffset": 340.0, "block_number": 1.0, "station_health": 100.0, "station_id": 2.0, "station_hDelta": 4.0, "topOffset": 60.0, "station_noise": 2.0, "id": "Pet 2"}, "5": {"leftOffset": 645.0, "block_number": 3.0, "station_health": 100.0, "station_id": 3.0, "station_hDelta": 2.0, "topOffset": 60.0, "station_noise": 2.0, "id": "Pet 3"}, "4": {"leftOffset": 340.0, "block_number": 3.0, "station_health": 100.0, "station_id": 2.0, "station_hDelta": 4.0, "topOffset": 60.0, "station_noise": 2.0, "id": "Pet 2"}, "6": {"leftOffset": 35.0, "block_number": 3.0, "station_health": 100.0, "station_id": 4.0, "station_hDelta": 2.0, "topOffset": 350.0, "station_noise": 2.0, "id": "Pet 4"}}, "stationsLearn": {"1": {"leftOffset": 35.0, "block_number": 1.0, "station_health": 100.0, "station_id": 1.0, "station_hDelta": 2.0, "topOffset": 60.0, "station_noise": 2.0, "id": "Pet 1"}, "3": {"leftOffset": 645.0, "block_number": 1.0, "station_health": 100.0, "station_id": 3.0, "station_hDelta": 4.0, "topOffset": 60.0, "station_noise": 2.0, "id": "Pet 3"}, "2": {"leftOffset": 340.0, "block_number": 1.0, "station_health": 100.0, "station_id": 2.0, "station_hDelta": 2.0, "topOffset": 60.0, "station_noise": 2.0, "id": "Pet 2"}}, "interruptionsExperiment": {"1": {"swipesyDuration": 10000.0, "swipesyCount": 3.0, "missed": "Missed: Nurse", "group_number": 1.0, "previewButton": "Show: ", "value": 1, "messageButton": "Done:", "swipesy": 3.0, "messageHeader": "Message:", "duration": 600000.0, "ring": "Incoming", "preview": "Incoming:Nurse", "time": 34944.0, "ringDuration": 30000.0}, "2": {"swipesyDuration": 10000.0, "swipesyCount": 3.0, "missed": "Missed: Cafeteria", "group_number": 1.0, "previewButton": "Show: ", "value": 0, "messageButton": "Done:", "swipesy": 3.0, "messageHeader": "Message:", "duration": 600000.0, "ring": "Incoming", "preview": "Incoming:Cafeteria", "time": 61565.0, "ringDuration": 30000.0}, "3": {"swipesyDuration": 10000.0, "swipesyCount": 3.0, "missed": "Missed: Nurse", "group_number": 1.0, "previewButton": "Show: ", "value": 1, "messageButton": "Done:", "swipesy": 3.0, "messageHeader": "Message:", "duration": 600000.0, "ring": "Incoming", "preview": "Incoming:Nurse", "time": 90225.0, "ringDuration": 30000.0}, "4": {"swipesyDuration": 10000.0, "swipesyCount": 3.0, "missed": "Missed: Cafeteria", "group_number": 1.0, "previewButton": "Show: ", "value": 0, "messageButton": "Done:", "swipesy": 3.0, "messageHeader": "Message:", "duration": 600000.0, "ring": "Incoming", "preview": "Incoming:Cafeteria", "time": 126138.0, "ringDuration": 30000.0}, "5": {"swipesyDuration": 10000.0, "swipesyCount": 3.0, "missed": "Missed: Cafeteria", "group_number": 1.0, "previewButton": "Show: ", "value": 0, "messageButton": "Done:", "swipesy": 3.0, "messageHeader": "Message:", "duration": 600000.0, "ring": "Incoming", "preview": "Incoming:Cafeteria", "time": 154224.0, "ringDuration": 30000.0}, "6": {"swipesyDuration": 10000.0, "swipesyCount": 3.0, "missed": "Missed: Nurse", "group_number": 1.0, "previewButton": "Show: ", "value": 1, "messageButton": "Done:", "swipesy": 3.0, "messageHeader": "Message:", "duration": 600000.0, "ring": "Incoming", "preview": "Incoming:Nurse", "time": 181116.0, "ringDuration": 30000.0}, "7": {"swipesyDuration": 10000.0, "swipesyCount": 3.0, "missed": "Missed: Cafeteria", "group_number": 1.0, "previewButton": "Show: ", "value": 0, "messageButton": "Done:", "swipesy": 3.0, "messageHeader": "Message:", "duration": 600000.0, "ring": "Incoming", "preview": "Incoming:Cafeteria", "time": 219996.0, "ringDuration": 30000.0}, "8": {"swipesyDuration": 10000.0, "swipesyCount": 3.0, "missed": "Missed: Cafeteria", "group_number": 1.0, "previewButton": "Show: ", "value": 0, "messageButton": "Done:", "swipesy": 3.0, "messageHeader": "Message:", "duration": 600000.0, "ring": "Incoming", "preview": "Incoming:Cafeteria", "time": 241418.0, "ringDuration": 30000.0}, "9": {"swipesyDuration": 10000.0, "swipesyCount": 3.0, "missed": "Missed: Nurse", "group_number": 1.0, "previewButton": "Show: ", "value": 1, "messageButton": "Done:", "swipesy": 3.0, "messageHeader": "Message:", "duration": 600000.0, "ring": "Incoming", "preview": "Incoming:Nurse", "time": 272938.0, "ringDuration": 30000.0}, "10": {"swipesyDuration": 10000.0, "swipesyCount": 3.0, "missed": "Missed: Nurse", "group_number": 2.0, "previewButton": "Show: ", "value": 1, "messageButton": "Done:", "swipesy": 3.0, "messageHeader": "Message:", "duration": 600000.0, "ring": "Incoming", "preview": "", "time": 34944.0, "ringDuration": 30000.0}, "11": {"swipesyDuration": 10000.0, "swipesyCount": 3.0, "missed": "Missed: Cafeteria", "group_number": 2.0, "previewButton": "Show: ", "value": 0, "messageButton": "Done:", "swipesy": 3.0, "messageHeader": "Message:", "duration": 600000.0, "ring": "Incoming", "preview": "", "time": 61565.0, "ringDuration": 30000.0}, "12": {"swipesyDuration": 10000.0, "swipesyCount": 3.0, "missed": "Missed: Nurse", "group_number": 2.0, "previewButton": "Show: ", "value": 1, "messageButton": "Done:", "swipesy": 3.0, "messageHeader": "Message:", "duration": 600000.0, "ring": "Incoming", "preview": "", "time": 90225.0, "ringDuration": 30000.0}, "13": {"swipesyDuration": 10000.0, "swipesyCount": 3.0, "missed": "Missed: Cafeteria", "group_number": 2.0, "previewButton": "Show: ", "value": 0, "messageButton": "Done:", "swipesy": 3.0, "messageHeader": "Message:", "duration": 600000.0, "ring": "Incoming", "preview": "", "time": 126138.0, "ringDuration": 30000.0}, "14": {"swipesyDuration": 10000.0, "swipesyCount": 3.0, "missed": "Missed: Cafeteria", "group_number": 2.0, "previewButton": "Show: ", "value": 0, "messageButton": "Done:", "swipesy": 3.0, "messageHeader": "Message:", "duration": 600000.0, "ring": "Incoming", "preview": "", "time": 154224.0, "ringDuration": 30000.0}, "15": {"swipesyDuration": 10000.0, "swipesyCount": 3.0, "missed": "Missed: Nurse", "group_number": 2.0, "previewButton": "Show: ", "value": 1, "messageButton": "Done:", "swipesy": 3.0, "messageHeader": "Message:", "duration": 600000.0, "ring": "Incoming", "preview": "", "time": 181116.0, "ringDuration": 30000.0}, "16": {"swipesyDuration": 10000.0, "swipesyCount": 3.0, "missed": "Missed: Cafeteria", "group_number": 2.0, "previewButton": "Show: ", "value": 0, "messageButton": "Done:", "swipesy": 3.0, "messageHeader": "Message:", "duration": 600000.0, "ring": "Incoming", "preview": "", "time": 219996.0, "ringDuration": 30000.0}, "17": {"swipesyDuration": 10000.0, "swipesyCount": 3.0, "missed": "Missed: Cafeteria", "group_number": 2.0, "previewButton": "Show: ", "value": 0, "messageButton": "Done:", "swipesy": 3.0, "messageHeader": "Message:", "duration": 600000.0, "ring": "Incoming", "preview": "", "time": 241418.0, "ringDuration": 30000.0}, "18": {"swipesyDuration": 10000.0, "swipesyCount": 3.0, "missed": "Missed: Nurse", "group_number": 2.0, "previewButton": "Show: ", "value": 1, "messageButton": "Done:", "swipesy": 3.0, "messageHeader": "Message:", "duration": 600000.0, "ring": "Incoming", "preview": "", "time": 272938.0, "ringDuration": 30000.0}, "19": {"swipesyDuration": "", "swipesyCount": "", "missed": "", "group_number": 0.0, "previewButton": "", "value": "", "messageHeader": "", "messageButton": "", "swipesy": "", "time": "", "duration": "", "ring": "", "preview": "", "ringDuration": ""}}}