{"_default": {}, "TLXQuestions": {"1": {"Mental Demand": "65", "turkNickName": "12345", "stageNumber": 0, "Physical Demand": "60", "Frustration": "75", "Performance": "65", "score": -1, "userID": 17, "stationCount": 4, "TLXEndTime": "Thu Jul 23 11:44:42 2015", "stationSetup": [{"leftOffset": 35.0, "block_number": 3.0, "station_health": 100.0, "station_id": 1.0, "station_hDelta": 4.0, "topOffset": 60.0, "station_noise": 2.0, "id": "Pet 1"}, {"leftOffset": 340.0, "block_number": 3.0, "station_health": 100.0, "station_id": 2.0, "station_hDelta": 4.0, "topOffset": 60.0, "station_noise": 2.0, "id": "Pet 2"}, {"leftOffset": 645.0, "block_number": 3.0, "station_health": 100.0, "station_id": 3.0, "station_hDelta": 2.0, "topOffset": 60.0, "station_noise": 2.0, "id": "Pet 3"}, {"leftOffset": 35.0, "block_number": 3.0, "station_health": 100.0, "station_id": 4.0, "station_hDelta": 2.0, "topOffset": 350.0, "station_noise": 2.0, "id": "Pet 4"}], "SessionStartTime": "Thu Jul 23 11:20:33 2015", "Temporal Demand": "65", "gameDuration": 300, "TLXStartTime": "Thu Jul 23 11:42:50 2015", "Effort": "60"}, "2": {"Mental Demand": "65", "turkNickName": "1234", "stageNumber": 0, "Physical Demand": "70", "Frustration": "55", "Performance": "60", "score": 65, "userID": 20, "stationCount": 4, "TLXEndTime": "Thu Jul 23 18:23:49 2015", "stationSetup": [{"leftOffset": 35.0, "block_number": 3.0, "station_health": 100.0, "station_id": 1.0, "station_hDelta": 4.0, "topOffset": 60.0, "station_noise": 2.0, "id": "Pet 1"}, {"leftOffset": 340.0, "block_number": 3.0, "station_health": 100.0, "station_id": 2.0, "station_hDelta": 4.0, "topOffset": 60.0, "station_noise": 2.0, "id": "Pet 2"}, {"leftOffset": 645.0, "block_number": 3.0, "station_health": 100.0, "station_id": 3.0, "station_hDelta": 2.0, "topOffset": 60.0, "station_noise": 2.0, "id": "Pet 3"}, {"leftOffset": 35.0, "block_number": 3.0, "station_health": 100.0, "station_id": 4.0, "station_hDelta": 2.0, "topOffset": 350.0, "station_noise": 2.0, "id": "Pet 4"}], "SessionStartTime": "Thu Jul 23 18:13:44 2015", "Temporal Demand": "55", "gameDuration": 300, "TLXStartTime": "Thu Jul 23 18:19:36 2015", "Effort": "60"}, "3": {"Mental Demand": "5", "turkNickName": "1234", "stageNumber": 0, "Physical Demand": "15", "Frustration": "55", "Performance": "35", "score": 255, "userID": 26, "stationCount": 2, "TLXEndTime": "Sun Jul 26 10:57:42 2015", "stationSetup": [{"leftOffset": 35.0, "block_number": 1.0, "station_health": 100.0, "station_id": 1.0, "station_hDelta": 2.0, "topOffset": 60.0, "station_noise": 2.0, "id": "Pet 1"}, {"leftOffset": 340.0, "block_number": 1.0, "station_health": 100.0, "station_id": 2.0, "station_hDelta": 4.0, "topOffset": 60.0, "station_noise": 2.0, "id": "Pet 2"}], "SessionStartTime": "Sun Jul 26 10:50:08 2015", "Temporal Demand": "25", "gameDuration": 300, "TLXStartTime": "Sun Jul 26 10:56:45 2015", "Effort": "45"}, "4": {"Mental Demand": "5", "turkNickName": "1234567", "stageNumber": 0, "Physical Demand": "10", "Frustration": "10", "Performance": "10", "score": 200, "userID": 29, "stationCount": 4, "TLXEndTime": "Sun Jul 26 15:25:07 2015", "stationSetup": [{"leftOffset": 35.0, "block_number": 3.0, "station_health": 100.0, "station_id": 1.0, "station_hDelta": 4.0, "topOffset": 60.0, "station_noise": 2.0, "id": "Pet 1"}, {"leftOffset": 340.0, "block_number": 3.0, "station_health": 100.0, "station_id": 2.0, "station_hDelta": 4.0, "topOffset": 60.0, "station_noise": 2.0, "id": "Pet 2"}, {"leftOffset": 645.0, "block_number": 3.0, "station_health": 100.0, "station_id": 3.0, "station_hDelta": 2.0, "topOffset": 60.0, "station_noise": 2.0, "id": "Pet 3"}, {"leftOffset": 35.0, "block_number": 3.0, "station_health": 100.0, "station_id": 4.0, "station_hDelta": 2.0, "topOffset": 350.0, "station_noise": 2.0, "id": "Pet 4"}], "SessionStartTime": "Sun Jul 26 15:18:44 2015", "Temporal Demand": "5", "gameDuration": 300, "TLXStartTime": "Sun Jul 26 15:24:55 2015", "Effort": "5"}, "5": {"Mental Demand": "100", "turkNickName": "1234567", "stageNumber": 1, "Physical Demand": "90", "Frustration": "75", "Performance": "70", "score": 60, "userID": 29, "stationCount": 2, "TLXEndTime": "Sun Jul 26 15:31:10 2015", "stationSetup": [{"leftOffset": 35.0, "block_number": 1.0, "station_health": 100.0, "station_id": 1.0, "station_hDelta": 2.0, "topOffset": 60.0, "station_noise": 2.0, "id": "Pet 1"}, {"leftOffset": 340.0, "block_number": 1.0, "station_health": 100.0, "station_id": 2.0, "station_hDelta": 4.0, "topOffset": 60.0, "station_noise": 2.0, "id": "Pet 2"}], "SessionStartTime": "Sun Jul 26 15:25:11 2015", "Temporal Demand": "80", "gameDuration": 300, "TLXStartTime": "Sun Jul 26 15:30:52 2015", "Effort": "65"}, "6": {"Mental Demand": "5", "turkNickName": "90909", "stageNumber": 0, "Physical Demand": "10", "Frustration": "5", "Performance": "10", "score": 619, "userID": 30, "stationCount": 2, "TLXEndTime": "Sun Jul 26 15:50:24 2015", "stationSetup": [{"leftOffset": 35.0, "block_number": 1.0, "station_health": 100.0, "station_id": 1.0, "station_hDelta": 2.0, "topOffset": 60.0, "station_noise": 2.0, "id": "Pet 1"}, {"leftOffset": 340.0, "block_number": 1.0, "station_health": 100.0, "station_id": 2.0, "station_hDelta": 4.0, "topOffset": 60.0, "station_noise": 2.0, "id": "Pet 2"}], "SessionStartTime": "Sun Jul 26 15:40:52 2015", "Temporal Demand": "10", "gameDuration": 300, "TLXStartTime": "Sun Jul 26 15:49:46 2015", "Effort": "10"}, "7": {"Mental Demand": "95", "turkNickName": "90909", "stageNumber": 1, "Physical Demand": "95", "Frustration": "95", "Performance": "95", "score": 280, "userID": 30, "stationCount": 4, "TLXEndTime": "Sun Jul 26 15:57:56 2015", "stationSetup": [{"leftOffset": 35.0, "block_number": 3.0, "station_health": 100.0, "station_id": 1.0, "station_hDelta": 4.0, "topOffset": 60.0, "station_noise": 2.0, "id": "Pet 1"}, {"leftOffset": 340.0, "block_number": 3.0, "station_health": 100.0, "station_id": 2.0, "station_hDelta": 4.0, "topOffset": 60.0, "station_noise": 2.0, "id": "Pet 2"}, {"leftOffset": 645.0, "block_number": 3.0, "station_health": 100.0, "station_id": 3.0, "station_hDelta": 2.0, "topOffset": 60.0, "station_noise": 2.0, "id": "Pet 3"}, {"leftOffset": 35.0, "block_number": 3.0, "station_health": 100.0, "station_id": 4.0, "station_hDelta": 2.0, "topOffset": 350.0, "station_noise": 2.0, "id": "Pet 4"}], "SessionStartTime": "Sun Jul 26 15:50:32 2015", "Temporal Demand": "95", "gameDuration": 300, "TLXStartTime": "Sun Jul 26 15:57:48 2015", "Effort": "95"}, "8": {"Mental Demand": "80", "turkNickName": "123456", "stageNumber": 0, "Physical Demand": "85", "Frustration": "80", "Performance": "70", "score": 160, "userID": 31, "stationCount": 4, "TLXEndTime": "Sun Jul 26 16:59:05 2015", "stationSetup": [{"leftOffset": 35.0, "block_number": 3.0, "station_health": 100.0, "station_id": 1.0, "station_hDelta": 4.0, "topOffset": 60.0, "station_noise": 2.0, "id": "Pet 1"}, {"leftOffset": 340.0, "block_number": 3.0, "station_health": 100.0, "station_id": 2.0, "station_hDelta": 4.0, "topOffset": 60.0, "station_noise": 2.0, "id": "Pet 2"}, {"leftOffset": 645.0, "block_number": 3.0, "station_health": 100.0, "station_id": 3.0, "station_hDelta": 2.0, "topOffset": 60.0, "station_noise": 2.0, "id": "Pet 3"}, {"leftOffset": 35.0, "block_number": 3.0, "station_health": 100.0, "station_id": 4.0, "station_hDelta": 2.0, "topOffset": 350.0, "station_noise": 2.0, "id": "Pet 4"}], "SessionStartTime": "Sun Jul 26 16:49:33 2015", "Temporal Demand": "85", "gameDuration": 300, "TLXStartTime": "Sun Jul 26 16:58:42 2015", "Effort": "80"}, "9": {"Mental Demand": "85", "turkNickName": "111", "stageNumber": 0, "Physical Demand": "85", "Frustration": "65", "Performance": "80", "userID": 33, "stationCount": 4, "TLXEndTime": "Mon Jul 27 11:12:58 2015", "stationSetup": [{"leftOffset": 35.0, "block_number": 3.0, "station_health": 100.0, "station_id": 1.0, "station_hDelta": 4.0, "topOffset": 60.0, "station_noise": 2.0, "id": "Pet 1"}, {"leftOffset": 340.0, "block_number": 3.0, "station_health": 100.0, "station_id": 2.0, "station_hDelta": 4.0, "topOffset": 60.0, "station_noise": 2.0, "id": "Pet 2"}, {"leftOffset": 645.0, "block_number": 3.0, "station_health": 100.0, "station_id": 3.0, "station_hDelta": 2.0, "topOffset": 60.0, "station_noise": 2.0, "id": "Pet 3"}, {"leftOffset": 35.0, "block_number": 3.0, "station_health": 100.0, "station_id": 4.0, "station_hDelta": 2.0, "topOffset": 350.0, "station_noise": 2.0, "id": "Pet 4"}], "SessionStartTime": "Mon Jul 27 10:44:42 2015", "score": 95, "Temporal Demand": "75", "gameDuration": 60, "TLXStartTime": "Mon Jul 27 10:50:19 2015", "Effort": "80"}, "10": {"gameDuration": 60, "Mental Demand": "90", "turkNickName": "111", "userID": 33, "stationCount": 2, "Physical Demand": "90", "stationSetup": [{"leftOffset": 35.0, "block_number": 1.0, "station_health": 100.0, "station_id": 1.0, "station_hDelta": 2.0, "topOffset": 60.0, "station_noise": 2.0, "id": "Pet 1"}, {"leftOffset": 340.0, "block_number": 1.0, "station_health": 100.0, "station_id": 2.0, "station_hDelta": 4.0, "topOffset": 60.0, "station_noise": 2.0, "id": "Pet 2"}], "stageNumber": 1, "score": 110, "Temporal Demand": "80", "TLXEndTime": "Mon Jul 27 11:15:32 2015", "Frustration": "80", "Performance": "85", "TLXStartTime": "Mon Jul 27 11:15:24 2015", "Effort": "80", "SessionStartTime": "Mon Jul 27 11:13:00 2015"}}}