{"_default": {}, "Users": {"1": {"group": 1, "turkNickName": "1", "userID": 15, "age": "21,24", "browsertype": "Mozilla/5.0 (Macintosh; Intel Mac OS X 10_10_3) AppleWebKit/537.36 (KHTML, like Gecko) Chrome/44.0.2403.89 Safari/537.36", "learntime": 3, "serverTime": "Thu Jul 23 10:55:10 2015", "numberOfSessions": 2, "gender": "male", "touch": "false", "country": "south africa", "exptime": 5}, "2": {"group": 1, "turkNickName": "1102", "userID": 15, "age": "25,30", "browsertype": "Mozilla/5.0 (Macintosh; Intel Mac OS X 10_10_3) AppleWebKit/537.36 (KHTML, like Gecko) Chrome/44.0.2403.89 Safari/537.36", "learntime": 3, "serverTime": "Thu Jul 23 10:55:36 2015", "numberOfSessions": 2, "gender": "male", "touch": "false", "country": "", "exptime": 5}, "3": {"group": 1, "turkNickName": "1234", "userID": 15, "age": "18,20", "browsertype": "Mozilla/5.0 (Macintosh; Intel Mac OS X 10_10_3) AppleWebKit/537.36 (KHTML, like Gecko) Chrome/44.0.2403.89 Safari/537.36", "learntime": 3, "serverTime": "Thu Jul 23 10:56:51 2015", "numberOfSessions": 2, "gender": "male", "touch": "false", "country": "", "exptime": 5}, "4": {"group": 2, "turkNickName": "234", "userID": 15, "age": "21,24", "browsertype": "Mozilla/5.0 (Macintosh; Intel Mac OS X 10_10_3) AppleWebKit/537.36 (KHTML, like Gecko) Chrome/44.0.2403.89 Safari/537.36", "learntime": 3, "serverTime": "Thu Jul 23 10:58:01 2015", "numberOfSessions": 2, "gender": "male", "touch": "false", "country": "fasdf", "exptime": 5}, "5": {"group": 1, "turkNickName": "1234", "userID": 15, "age": "21,24", "browsertype": "Mozilla/5.0 (Macintosh; Intel Mac OS X 10_10_3) AppleWebKit/537.36 (KHTML, like Gecko) Chrome/44.0.2403.89 Safari/537.36", "learntime": 3, "serverTime": "Thu Jul 23 10:58:41 2015", "numberOfSessions": 2, "gender": "male", "touch": "false", "country": "asdf", "exptime": 5}, "6": {"group": 0, "turkNickName": "12345", "userID": 17, "age": "21,24", "browsertype": "Mozilla/5.0 (Macintosh; Intel Mac OS X 10_10_3) AppleWebKit/537.36 (KHTML, like Gecko) Chrome/44.0.2403.89 Safari/537.36", "learntime": 3, "serverTime": "Thu Jul 23 11:11:05 2015", "numberOfSessions": 2, "gender": "male", "touch": "false", "country": "South africa", "exptime": 5}, "7": {"group": 0, "turkNickName": "134", "userID": 18, "age": "18,20", "browsertype": "Mozilla/5.0 (Macintosh; Intel Mac OS X 10_10_3) AppleWebKit/537.36 (KHTML, like Gecko) Chrome/44.0.2403.89 Safari/537.36", "learntime": 3, "serverTime": "Thu Jul 23 17:27:21 2015", "numberOfSessions": 2, "gender": "male", "touch": "false", "country": "South africa", "exptime": 5}, "8": {"group": 2, "turkNickName": "12344", "userID": 19, "age": "21,24", "browsertype": "Mozilla/5.0 (Macintosh; Intel Mac OS X 10_10_3) AppleWebKit/537.36 (KHTML, like Gecko) Chrome/44.0.2403.89 Safari/537.36", "learntime": 3, "serverTime": "Thu Jul 23 17:56:07 2015", "numberOfSessions": 2, "gender": "female", "touch": "false", "country": " s", "exptime": 5}, "9": {"group": 2, "turkNickName": "1234", "userID": 20, "age": "21,24", "browsertype": "Mozilla/5.0 (Macintosh; Intel Mac OS X 10_10_3) AppleWebKit/537.36 (KHTML, like Gecko) Chrome/44.0.2403.89 Safari/537.36", "learntime": 3, "serverTime": "Thu Jul 23 18:21:06 2015", "numberOfSessions": 2, "gender": "male", "touch": "false", "country": "South africa", "exptime": 5}, "10": {"group": 2, "turkNickName": "1212", "userID": 21, "age": "21,24", "browsertype": "Mozilla/5.0 (Macintosh; Intel Mac OS X 10_10_3) AppleWebKit/537.36 (KHTML, like Gecko) Chrome/44.0.2403.89 Safari/537.36", "learntime": 3, "serverTime": "Sun Jul 26 09:42:11 2015", "numberOfSessions": 2, "gender": "male", "touch": "false", "country": "South africa", "exptime": 5}, "11": {"group": 0, "turkNickName": "121212", "userID": 22, "age": "25,30", "browsertype": "Mozilla/5.0 (Macintosh; Intel Mac OS X 10_10_3) AppleWebKit/537.36 (KHTML, like Gecko) Chrome/44.0.2403.89 Safari/537.36", "learntime": 3, "serverTime": "Sun Jul 26 10:11:05 2015", "numberOfSessions": 2, "gender": "male", "touch": "false", "country": "asdf", "exptime": 5}, "12": {"group": 2, "turkNickName": "123456", "userID": 23, "age": "21,24", "browsertype": "Mozilla/5.0 (Macintosh; Intel Mac OS X 10_10_3) AppleWebKit/537.36 (KHTML, like Gecko) Chrome/44.0.2403.89 Safari/537.36", "learntime": 3, "serverTime": "Sun Jul 26 10:34:55 2015", "numberOfSessions": 2, "gender": "male", "touch": "false", "country": "South africa", "exptime": 5}, "13": {"group": 2, "turkNickName": "1234", "userID": 24, "age": "25,30", "browsertype": "Mozilla/5.0 (Macintosh; Intel Mac OS X 10_10_3) AppleWebKit/537.36 (KHTML, like Gecko) Chrome/44.0.2403.89 Safari/537.36", "learntime": 3, "serverTime": "Sun Jul 26 10:35:32 2015", "numberOfSessions": 2, "gender": "male", "touch": "false", "country": "l", "exptime": 5}, "14": {"group": 2, "turkNickName": "1234", "userID": 25, "age": "18,20", "browsertype": "Mozilla/5.0 (Macintosh; Intel Mac OS X 10_10_3) AppleWebKit/537.36 (KHTML, like Gecko) Chrome/44.0.2403.89 Safari/537.36", "learntime": 3, "serverTime": "Sun Jul 26 10:42:51 2015", "numberOfSessions": 2, "gender": "female", "touch": "false", "country": " s", "exptime": 5}, "15": {"group": 2, "turkNickName": "1234", "userID": 26, "age": "21,24", "browsertype": "Mozilla/5.0 (Macintosh; Intel Mac OS X 10_10_3) AppleWebKit/537.36 (KHTML, like Gecko) Chrome/44.0.2403.89 Safari/537.36", "learntime": 3, "serverTime": "Sun Jul 26 10:46:52 2015", "numberOfSessions": 2, "gender": "male", "touch": "false", "country": "South africa", "exptime": 5}, "16": {"group": 0, "turkNickName": "123456", "userID": 27, "age": "25,30", "browsertype": "Mozilla/5.0 (Macintosh; Intel Mac OS X 10_10_3) AppleWebKit/537.36 (KHTML, like Gecko) Chrome/44.0.2403.89 Safari/537.36", "learntime": 3, "serverTime": "Sun Jul 26 11:09:05 2015", "numberOfSessions": 2, "gender": "male", "touch": "false", "country": "sdf", "exptime": 5}, "17": {"group": 2, "turkNickName": "121212", "userID": 28, "age": "21,24", "browsertype": "Mozilla/5.0 (Macintosh; Intel Mac OS X 10_10_3) AppleWebKit/537.36 (KHTML, like Gecko) Chrome/44.0.2403.89 Safari/537.36", "learntime": 3, "serverTime": "Sun Jul 26 12:01:31 2015", "numberOfSessions": 2, "gender": "male", "touch": "false", "country": "South africa", "exptime": 5}, "18": {"group": 0, "turkNickName": "1234567", "userID": 29, "age": "21,24", "browsertype": "Mozilla/5.0 (Macintosh; Intel Mac OS X 10_10_3) AppleWebKit/537.36 (KHTML, like Gecko) Chrome/44.0.2403.89 Safari/537.36", "learntime": 3, "serverTime": "Sun Jul 26 15:16:59 2015", "numberOfSessions": 2, "gender": "male", "touch": "false", "country": "South africa", "exptime": 5}, "19": {"group": 1, "turkNickName": "90909", "userID": 30, "age": "25,30", "browsertype": "Mozilla/5.0 (Macintosh; Intel Mac OS X 10_10_3) AppleWebKit/537.36 (KHTML, like Gecko) Chrome/44.0.2403.89 Safari/537.36", "learntime": 3, "serverTime": "Sun Jul 26 15:39:20 2015", "numberOfSessions": 2, "gender": "male", "touch": "false", "country": "South africa", "exptime": 5}, "20": {"group": 1, "turkNickName": "123456", "userID": 31, "age": "21,24", "browsertype": "Mozilla/5.0 (Macintosh; Intel Mac OS X 10_10_3) AppleWebKit/537.36 (KHTML, like Gecko) Chrome/44.0.2403.89 Safari/537.36", "learntime": 3, "serverTime": "Sun Jul 26 16:30:48 2015", "numberOfSessions": 2, "gender": "male", "touch": "false", "country": "asdf", "exptime": 5}, "21": {"group": 1, "turkNickName": "2345", "userID": 32, "age": "18,20", "browsertype": "Mozilla/5.0 (Macintosh; Intel Mac OS X 10_10_3) AppleWebKit/537.36 (KHTML, like Gecko) Chrome/44.0.2403.89 Safari/537.36", "learntime": 3, "serverTime": "Sun Jul 26 17:25:19 2015", "numberOfSessions": 2, "gender": "male", "touch": "false", "country": "South africa", "exptime": 5}, "22": {"group": 0, "turkNickName": "111", "userID": 33, "age": "21,24", "browsertype": "Mozilla/5.0 (Macintosh; Intel Mac OS X 10_10_3) AppleWebKit/537.36 (KHTML, like Gecko) Chrome/44.0.2403.89 Safari/537.36", "learntime": 1, "serverTime": "Mon Jul 27 10:42:18 2015", "numberOfSessions": 2, "gender": "male", "touch": "false", "country": "South africa", "exptime": 1}, "23": {"group": 1, "turkNickName": "1234", "userID": 34, "age": "21,24", "browsertype": "Mozilla/5.0 (Macintosh; Intel Mac OS X 10_10_3) AppleWebKit/537.36 (KHTML, like Gecko) Chrome/44.0.2403.89 Safari/537.36", "learntime": 1, "serverTime": "Mon Jul 27 11:20:04 2015", "numberOfSessions": 2, "gender": "male", "touch": "false", "country": "South africa", "exptime": 1}, "24": {"turkNickName": "1234", "userID": 35, "browsertype": "Mozilla/5.0 (Macintosh; Intel Mac OS X 10_10_3) AppleWebKit/537.36 (KHTML, like Gecko) Chrome/44.0.2403.89 Safari/537.36", "serverTime": "Mon Jul 27 11:59:02 2015", "touch": "false", "exptime": 1, "group": 0, "gender": "male", "age": "21,24", "learntime": 1, "numberOfSessions": 2, "country": "South africa"}}}